ID	Name	Value
0	User_0	 a7zJgpelx5;sLo9iHwzncT.ibhD;91rIrSF2fAkiA:wy3Vm9GTbO.mx1LsiHwQhi4nINXL86sYjr4iFN,xRU3O033daaPejdYcx
1	User_1	D8B6hxtsyDJiXyRWehQo78ixlhgSiw99:YIRG.r22cVwmSP. ;PTqmJt.umi73K7xcWva2:d,HoPy;zY.N4udME3G8wzUB4q 8LJ
2	User_2	tESkR29SMQDewjAhV8xVC57TV9nkyvkdWJitNL,3F6W7FlQOa0XUrJ830;oGHFk:VPtH mbWKZRTx2KHZIeFX7i6QwhD6;EcaeBL
3	User_3	spNU0KTsD8lAtHJnG5xQntjsgxnTr.BQTJlArOU.WaPU5Gdi4t1g9WK,0XwZxPPG;ZoT C5t6O:k.UNXhlnmNHD ;jztDpO84OEM
4	User_4	sKG3LeB26GcecHvLP ksmcJptE0fmv aHfZXSahD2l:1AVkMD.mjlc:2rP8TkQdx.diy,LOvRqrNaf2MBSVtLmP79DZSEoVQvCvV
5	User_5	ZXc,etKfFFkbQY42R5N3;A.WIR,NVWijzWaU2Q k.TYj,5iDANLQoq XZT55034Zs2brv2WDzb67U3KWCqSG.29uCXGs3ewRGsEh
6	User_6	TxO1kTgKZQPUHcL U3reScD6:t:ORRVMIjYle.0CtuR5.3K:T1uUw,Q prXAPsu D8lnM8vJ6YTZ.s6GXXOANsLYeNRpB9QVUl.5
7	User_7	cwNyucB0 ZTfFKC,MoaTkNVsuxTyysjTO5a2  PQESEZxn1.4b.03r.WYDQED0;ka5MhwQofCeje5tAKfUV9RIhe1qtGK.2dLPs2
8	User_8	t C8Yf8tEtOEYUBxBEkBLows:AcltOsK,8Xx8x4c QxsFflBOqpnmSGgU;Xs5,Kwppx0:ZTFEHkWTIKBjZ6ksl sCvh;CiszicKs
9	User_9	8k73S25wJmU2DK;q,8 Q0jp;D2wtr,SOdMP45h0,FrtC9pprQXh,9uWwVKg.O3ORqC.:4VtWeNKDoBSVTpboo50u HLyWWZ1O5EC
10	User_10	wVg4rhX 28Hchz3:mB:a,g5YfD,96iH embItaDqRHAZ0mQfWXXd:oQNq2ewFcWYKr3feXpdh5EUClvEHpoJLgN76Z3A33RyUa:k
11	User_11	QXzCXRGvp9fIHFb2:PvCTK o43ZNdPJNlWcj;I B .hF2.I8IyQqh 1SFeIdTh3NaecW6PQ8,V4UeQ24w5JYSlZY5Xzh wLNeI5G
12	User_12	eAisN;nbss;4N THewFUq0rV;We9ouYyO1;iYlsSmgCYyot fzkAPj,7AhfG,pRw4IpA7pg5IGZp2N2uio3h6f2rJkGgYDWmXc7o
13	User_13	kSyTk 7QP,QlYtX6SlXmV7 Qn0IyTy.gJ.ZlLwhvkgZLYBIrPoD8gYKxGZKPehhOIf80ShDT L:zAr0:fmuh,kQqGUJJ5;UdMSEP
14	User_14	8KBs9oqe3wWXFu6b8oqiBtAZAC,Inm,xy7cph,SVRLQq8KvcYT.Cqf Q3BXK2YJkrWm645,6TW7MtZb2p4L3eUAI2dw.xFeVIlKP
15	User_15	f1N:Xfe..8:h56FQROITF 1HSLOK6az4rhmTlKn2sYmW,Hym6LQAs5XZOgeHr3XqyadVMDzSgRpnwfy1b,.dCTGBkwFeCh9KnapW
16	User_16	W8Dts Hnzc7Y5v0hv8pbJ1WZ zyuAgfO6ZCIwZ6,UCKNPK.bR9Vhpwym31m8hPSQbnwPkgzIG5KvtpD124m.z2w71Ju.2A  bXXM
17	User_17	nxTBwLWXl0VvNUprCZphFb0L1sL62:LVBdAlWE;0xDHtKBII9R.O.UFk J8w2:kqLxINKTPUkOq.AKQi8DApOtK2QORkyHpKxEME
18	User_18	DY9NzkTAqWlms8T8um8yQiAu.:wmAvR3oKKTEjNVImmSB e84zN73tNnKKAqt5 1pp: KvesBTBPW:PWd JaKHDW:oedH,DpDGR5
19	User_19	J1AuBGPyo2qHqRdLcIlvnXAaLQpvXa1hFdN6T03rbzFx1iZejiGNEgkbWEu wSuiVxUv886FrdpY klbCQRUCln4HX4h25M6SZ:H
20	User_20	,xbc1a5CdqrK42o5dzy6uY3k6XPJN0P J2LpCm,BB3z3nfYZClX4:3PHf5ABQhfMGpD7 PirlhNHHSfWfmsRnpf piRQAOLq7Vu;
21	User_21	,GOILvuahk8Wgm4 o;bsRqh,rnTZIxsjNid0AIi2joUGcTffwEva3;,dFhicTggSsTBWNxPIVG9e57YoC24VsQJ8 lnCPUW03 ek
22	User_22	gNsLRGsUTsNTHytgx8p48RWEZK X08nGS.Q5NhXkvW599:CoN.7XRr.1Aa2psR1c3y0RAwwiIN8ykkVzhl3S9.;Jj:P;dH,waMtI
23	User_23	AREMDyI:fp97fSg3KVCesFiNPXu lRkUKIuRtpagvPL,ZL522UGvEXrk4XPYvtFir8fpO0G8Bjy.uW ,uk3kAQez1mvTS4trv3s1
24	User_24	,rrN6j5DJC1l,a15CF0rT7pAKTiJ,JDAqGfJnm:FwRo Hn;wTJK81QX2XAw;A;o8WiC;8v1hRMkAvujfUzvnpwAzNeA9smWTfMYr
25	User_25	h5STJI26X7KO6;DWkLBh4sG;LLLI PK8YCDtaYeM7WAip8OKD.uAKfuHET3PXuQ4H5PmHV;lcjDhD;mLFUFbv8ZpQ6CkppjlMfd:
26	User_26	r28yXk02jpi NHk0yuX0MmXrScXicL Cpg8y 6qxIWSWmzuOuy2m pZhmZ,0cFevdMiUeuJH0,lJWg op.JNpIT5lFlUkia1nUTt
27	User_27	1nfp48vpYpAZGV1GSs3rwdWjpf:0FWjTaFSimsJNbt8Vo,y81lHSkw9ot2b;f;Y5Z9N9ZOYYK3MHrVggZWgmg;OX98o,Iqj0nP4n
28	User_28	7d qHYIvxDfq32.,uK.OuJ4Ao1tiEDj2t9MuRyE,VG8RKdL22:FeVz.HK8.LXeELh1q42FOdauLcEcStC4DqaYzAFDI4WpoiZhMl
29	User_29	Ol;cwSB:mgLt31GGha73zwkFNgSUwQV:0ItfX.Xg8.mXDuZE,Bj.4Ud.SHG0b2wUk6UK1nuS8h9Owg5OEiBlC18jnTbXenzu1,IT
30	User_30	kS2ZQkeBwg3UfpWzsi;WxhGT9C,LXO2HbujYniamCdFnKehNXtG .gtARZfAfSnmTt.rdpmoRZnVVoCzMWrXZD7XCUs.2cLSITZi
31	User_31	Ly1TrPMTkIYQG3FI9iFvw2VM,LCpVGSZW8.;VAkor1 9HlBWi8Gky2HzpoXs;qI,RHpxseU1KW.fHu9oTABaJmCSuSQN49OgIvD6
32	User_32	C R3HLRme3ajNmBlOIGyn2kNv9:kWehHPhqIsDhEI.mz3,iKNKYzM83wW80a3w7uW.AlCx7PBm:UEG5H:U0DBMvWKDvXtoSq80AT
33	User_33	:qiMCM4Yie1sk0u76cQv,M,gCWxOOG0bgqIyL7aQxU6NwnqjjTf;ndLiGR,adbhLXTgVvN8V:i4qTCEY;CtYs1xx.3UNB8jlrfZr
34	User_34	Z3kRj4Vze pN;CfpSNy ,Dd14GzqR.w,2,Ilkh4QAYsDWJ89c1gbWo5n8Gc OFmMWFp9OVpHT7MDUgEC7hrSV;aQx9SgS10WKlUe
35	User_35	T:ybYMEgTnI1OZWuOxZtJ3gl4xWCvmMTNSo1XSknHUGltQwT;0ZcjnTylQ0eNaE2dn9i:FFXQOlDqIsk,XpAK:X;lzAyy4xsnvgx
36	User_36	aAw2RPteEX4i5vWw5qsTD3Zew.,m ZaPntg3krQ.6RoeKx0uAMraVXX Ih9q3F7zaE8UiU7HMNRgMGZl9bULYDmsIaehFjmW.w;I
37	User_37	DdirFhsfPbf3EwXUAabGLuJJyEJFrFP6wSPUkdhCSaCtRCK 6Y;u.m;rUmeMFVA.VX.Q;, Kgc2uM0:HTP4PNXSiJBGaKiE0.qyz
38	User_38	7ez6DYnbPsNJS:4FfoqH43:iMa9WNsw0: C545YFpaUXgb6ggmhOD:BU,U0nL5XsFyAwr vfFpGWlK0WCZP8QcWNtDycaXlfRMvm
39	User_39	rfTe05J50QGIBQn.ol1tmdO1Uumz9UGj8SNdFjhq0LIbZnokukeIBNUtq1;wgLRRvAjkBN7gzowIiTKYnG.3FPblYsVeb27sjAZ;
40	User_40	pmEmNVu5d4HQnjLz1TxtQiKcVdpPjkTmAbnPXOwfiSm7qeRPWtc9cGP7eXZBLH;bs7KiHmZyeL0n.IRSD9JLqhCk5LRVp4zWN2;8
41	User_41	.UeL;GTxNOwcCsfvTEP5e2Dg4ku6M tc5nrXPy4a3azHSGU0NH8,EWljPd8kwZC99;oiC968VQR9vbv0:78JHE;2VvkS5AP5BX;g
42	User_42	IvqfjwHGhR,t5kw8Aiq,9 9Q:92rHG35JJDp.Bof,DSMhvlMTAw,4VMi426we86ocVITzg,xo3tapbZekOJkED5078KZ pWBp9fn
43	User_43	pb9lTsAT6rqwYVhPC;BPj:Yw5mTg0cGsDX,7odmWxJgcaCeVF9G21kmzhqFDQ2zlr:jkmsG:D0R2jyKznSYWD: egJiyMtLoVyhI
44	User_44	Q1L8NzLAU:i:iYJ6rCgydTqZ7B;Xw1NM2 1:LJf5GUEzBH 7weI7wlcNyiHVm.Zzsaeds4xynwNe0snWlHREjh,pCW f7pDU:4O8
45	User_45	nCdAy4WsxiBw3SQoewsVud7uRguSLlRkSEdiFgMU9EdNCfbR9LDACR3; W: 4XdJgEm:sw:JW7w9FFGBL0bLHTh1BKkUegyQm2xM
46	User_46	g10XzOo4RUp lp5e2bQxI28wtZai WHW8CDEOPxZvYXYUwN657htSBIxCaFY:rKJ;vhjynuT ,EWgZfn8.HfS1iZYGv6.0FTP8NT
47	User_47	CF3cGuDo2TEsq;pS98x34KuGNRHoaOiIu;cdSywhIwPUp.n 98SR0BhMOfOIdJ 2kAdsUnqdVv8f0afO3AIYoevZm;uwWS2F2XsN
48	User_48	.zno;fT00M80X.Tgh5izl5WVJ;7qEAKnAkfO2QxuiBX7b5LR:sJ;frtL72.ekmiuFdsJ2 SukWxX9nfPtDr61vGC7OKJmBeiaWjB
49	User_49	xXBkxg.qkWMjmgoXIB2EtjQ2rhkWJFJmtiI5Rm6N4qc:I1m,HIedY,aB Tf9soHGj1wQxY fH9hjD2.PICPQf82yGk9kjsC6dgmj
50	User_50	iSCFR10KM5wutvZwgajMXdQGut2kpHDn2PKW2QdZWpGrJVDQKBHK;mhd,0tiTiNhl2AG9bdPus426B7y65bE WTVEt rxuc,i9z0
51	User_51	Dqz4XDpr:3dJLxXORVZx6yWUCssu8zJ70yF xplPhjDBtwyobeJylpExy:q.Rr cw6iXr7I8tGMSm;:iewGdKKSj8;uJMVw8F,fq
52	User_52	gT9iEsENJ80Ivow7xI6jPo BnW.K.IPrOIxe0dyGsuenzT;TtK75tlfRDObaSZiuNg7J2Rq2Pj2T0.6kDaVlClTm0wHqX.eelaEs
53	User_53	sfz,M1nqXnX7cooKj6BcvbfsdQBbCkmbr0r2gZUYpy,gYU1gLXr2PY0Zdm2dE;LKB0fKYd:HJkgpzVf81K,LLzz2doCM11HBA5cL
54	User_54	yqbEOOHNY9fZuW,kPZSw:rY1GpuiJxKtqwMGhAWBqieintsHVFp,ASQ7xIO34wkQvmxBGOmBy6lgIw.;3stJ9TOSpTUypQ84hcJ 
55	User_55	KIGNuZHsHpgjB8Uiq;yxW.4;Io39dteDo9sla XeilLUHGBzxhuH W6TW,OMJRxg5oUqw4OnBZnUeUky:E84hS0.K8C7xQXPM8dz
56	User_56	K;otD.Exq9VnRGr9rP6eCd,,GK7M:tHQhAQ3PtnZhMVM:hfQOP4Dbx03 2DP3cfeOtvFT;Utp8SxG6fGD4;B1dhU33nwg5QbTRVR
57	User_57	35854eW6VwYQZesz;dBBe8,BWAQEBYxBUJcIS.8IUs117jUMboj,Kf01GgQBGThyFydYr iKo,CAE8vsJTG3Ncc0iOmHD7FjmZ1Q
58	User_58	Ne4t.vIfjdefMATHzn5w6:2b6GSrFQO90q,qjzd4RepPyLWmu0a7kFNjp37.5GXZFOlNASSJf2J8tZsQwRhkKEX8MvVW5LK23HiC
59	User_59	FS1pncnCtaLy:baSOdFMxcrpqVmQSJPrpifefDC,Zq.ez,BpSj5nsrNS9C0sv:dqmmXQxf8C8XU 89GPqN2gGEceU8R3G2TaY0xc
60	User_60	Buel8EwSUT,gbGjOTB75.Cbz7AO31D0qPns TGJ0U6cK4I0y6aPEtk0F 3fbLA9yOjLLIai98ENil2mVAibg,8LeFrf:,dLtsRCg
61	User_61	yJAIO9eN,9JhkoLIxj6; do3:Si2fWpxM3xbTw j4AaW5KH3UZWgvHqjc1,xl82k,LM6GfnAGEvklWKJQ8t9IfK1,EBPNm.SORFz
62	User_62	f.,9GEk5.L9lridvd5PWoLsgVrVHlnFldKHhxjOG.0S.1:;X5uapUsMwwCqzBd1.Ss74OJ71kXrRfG:jO4Sq:Ofg0Ko9DbM5YyRA
63	User_63	1pfPRMyXY0;hsTG5952tAnUNIsqjb0tqr7NRwdg7BFJxx8XNz5QEwSsFelHjOVWaitbAH;FZB,Dz2.stvjCTV8ohla IyfgZuiUh
64	User_64	DESYyW;idNrxNOe7jubxPScNt4OcpefA6;hqN;yGTKJ:.qGngg,n87lH7shYYndto8l9Hm0OuiTsMX VrDFP :edw4hCUWn1:OOf
65	User_65	0I6NQ7MXFcHzBuSgpX l:uxaS.uZl;C.;VkBl.c.2msfbFKsl.Adfpb62uQk:sCTHljMY6m9XxLXFLjA8Y7;xzWx rsqkIWfsQs 
66	User_66	F:UDPJ PC,ojj;7CTQ8P3n2mNmbAn9MV9zw73sSjm;LeyVZ,VJNqvJw0yQbBTE12c:xVQnToTV2dTHAlUr9eRn7 GdvZAvaNp2RQ
67	User_67	FqE49.5fTRHm99Rfc.RaR7x59;UROJ,S1LLnl1oxaoC9HtsvkAtcQCJZlsSwiJqtHKS7Pp;4qrt0DE7v6PAr6:NAA06V,, goAXH
68	User_68	slkGkdWdmoX5;T56GsW8owU7If24bo1dvPC93vOhsv2ORJ2N2h ,aOostE;I7tj6Py21W7T . IecW9GHIDw0JySEQcxVrHwbBd0
69	User_69	.TiGB8LuCQ0u.uvny7Z3V85MRwkxK7O.rvavjQrBhcpeVZqoIBcE37nHpwh3dtXMV6oUcb;y h,pQoevUto,,B1LMHUgdz2ZLzdH
70	User_70	6Zudsrv9A2WFNDokNNI hQRJo8c1vgCI2jC3Dyoi::9,qLk8Of3jcrLdyrAsVM0lc,5ZXH8nyIv31o,L74JpkO1rL2rp5Aimw9;K
71	User_71	65EE4q6w8Wn0Fd;8kJztZJcz,hsrZ0J;3J  V;d,0t512ghn3eMAxNJ2KC .B4e4vmgU.9pqQEAg:bR0d4sk0hgJ4w1ne33G9JSR
72	User_72	9.u36T3odot86VIqDjN51cBpNEX0Y,6KfHr.hFEQ7JZoOtzgAmW:C0CqD,hNx0vkUii4cZZOAAam97sYXqTuk6ewTt9RYsbMFGt4
73	User_73	MedVvyJSd3UEn7hKAJ0sEzLoNpJCfb23QrXf0Qs0ivgSwWcbFnercNRihyRKiZ3oYRmlJ58 y hz2FWSab2K6nQp,9hBg:xyingj
74	User_74	VbgVWUJRD1dGsXa8NcZiizREuJARof8VOLA0xoOESIy6qa6rX:OtfKBJIXxGqKTOLRuCUdcAKJbR5gx9Fs:dJJ2E;QsjlZktKW: 
75	User_75	eOfgplzqyiunnsnWkEEKUV5:8acQRWpTxzG9R7CIq9HCbsgW4MB5ayGI7VE7wYXSNH6D.05nowIVDasGdxg,F8Cizj:P3qJhKwPm
76	User_76	WWqrkd2fuYWjGIswMB536H 2a.3Nnej3jF.T2J36MiBNb2H,fMirEqtZ9fl. DyRHsIZ,9Lyv219H3pwVW1yB: jRPKOUjZ8QwhS
77	User_77	Bc6XHvom BAw66v,pcXFAFRVEZaFhnjrcD4rdMhCjzAreV9Hqp0CSvUiSUEAVCJ1BdTl1NBrmkc5E7XUoBsQcSZvZdNDamYOD3O4
78	User_78	GszR0bp;j05ryuQSZbQNBpv7Qu1N3f0gNnR0k4QOGJf zCppbsabWbJWtGVI14agLC G.stj5LNuYuNzel,1Ds:oAS LGZl4CUh1
79	User_79	7vBGVNlRmI,iHhVNVNtnUnVGOSTiu4v23fJ:OU2JXfIC,ZWBggVg8FTM:DEchKK.s0s8l7ZeUi2u,fCfkqih0lIsdJ,Y44qeR53c
80	User_80	5;U,Tvyi;.tA85GRnn;Aw56zjZrGfr,bv9GllCggo777cNrPmSva.mfVz d8prg8.PVhihrd8stiFu:goXQUV,QtWPeHeYGol.DR
81	User_81	1 rySO3KPl4pQO3pZvkuluwHZ3jaRjBKjFojWp1dPaLfenQelFPha1fufEuDCmZl9PuCKCeNDOqiusShuJkr2h8Oe8JP4;WDlty1
82	User_82	vaVi0p2p8TDph.uqq8cgcl1Ljzur 4IXEu8Ij1GG2L;ZXDAovWfTBXZSXFq2fLbq1avSd;NbeC ms, 34InhfWLnJEkjq3iN2c:C
83	User_83	avRQf;R8KF.Z5TbfC0wIqfVkWZ8r;.bAGk; DGr82EuNEso9lH8HUWM4p6toJTKToaRmOXLflAfnC9:j016lxI1:OKNnGnNN0ief
84	User_84	B p 4PUvXX Dyhu tRFAa5oZVUO2ewXvdkuG nPlWsI0k0dKCYubgvix9Zamp,rMFR63PKphSl1 tX6VyKDIjyHaizMk0l,B6:ub
85	User_85	BNpw IOuLP:EH8E:O,:bSsI1u.THsDZ5.ZU.4qm1yDl6CzAuo.tnhfHlgrDtzScFaybMby0JO,diJ4VWxRoLma0AIR3yWyR.1I9:
86	User_86	PPOA7 sb2tZNMWG4G6rUIVI,OSmfnegkd;tU6tuAD79L0ttpVh43YerQz;i1hmzPBYQf8hhgtH9GYxDs.jWdvoQKzUrANTSuqub7
87	User_87	MxgDCvFg0TCX2K3W;g4W,BhcnUdg.iaf911Dyzxzx2fu.2Q77QWmwS9xbbL:qybZ;u;90OpA4CTllMNX5jpKoKWh7UfjeZtkOqr3
88	User_88	QcCmav5ezSI57gs93P8HwyIRXHQP9FtHe3WYITdmzjURVhs8BPOMlfukaovx7s F5Bkru31C;Q5RXKy0SR5zuxaRLMyy;N0oWHKg
89	User_89	53lFzXWomNgPQ4MRG1IxPELtdLSw9j.goZ0krZ;LqlSC2gRz:zZVZ;ukNt8c;jwwJCZ2RREIdhcJGT4QwkjKbDv:gE0vmyQ1WMnN
90	User_90	dHnti.R R:1lDQLuL81Dkkjz7w3 cL.xJLGj9FfgMYdO5H tr40bT8YMT8v;ujiJtyCmDwtFOic6Q9ta DnEmU8x:1w.fgaGwpXP
91	User_91	.;NFf;WSXwC0VYufVf0Bz8x9tNGnK9D0rab3SD.M9.UbtqaHDnMZ1Eq8Z1,s6agFHbMsR:mBsupQ:UpZ6fJYtUdR1bJa9g4ZlWDD
92	User_92	IcY;2BuiL7k9EJX8tOFfc7BqromPP:zzC2yAg,GKuGpRcZ4o5Q5hY2Z9Vs DJu,dz9cty8arckMiNZdaMLK98U.t5BfqfcK7VnBk
93	User_93	dj9W9siN1RR2sk CXFOGj5jF8zZKC9ol7n8MES:oOTQI:5Lq54jvfYxQJ20XSZHp 3s3cscr;Vp18exqp,IedVJEAuPE,ztl9JhQ
94	User_94	GZPvGi,sM9E7.ac,tWEB;MXhQt.kM6XkmwJpqotp2T.CynJl01DgqdK4YtegIRQ2HpaYcrb6lS,VTfMo iYjeOgngZu4ezWsOmS9
95	User_95	Xn0mzvTd6MD9muKZJZA75yEZQyZ4Wlyko:peJftxk:OLgdBk5WQxmPIrNNVz80soKv9Pmuyt2YtXMbRzT5QBnVL8 f3w6.6WzGDj
96	User_96	 bY1G6LWMGY1cD4cJfXAykPSxvwEev6TGmN,tGn4HRLxYnTOFJpJwCC1BBdBvF:IWUc4PsWbjGe2wzzQ18sKb956Y6juyMNHR8 P
97	User_97	PSA8nlTrdF9q7nrolrh9MhaZ.iDaSqz1mYO2rwuIW ag wVwbGlK5B.YucdYVOH9zhTa30jFe1SIGoa8 fW20zox7upENsDcjPcz
98	User_98	utZiXujZwDTAOhrFlDAJiuhf1t;hAR,0D7.qpc7:0ykF2GuW,,yfyb2WoGlW 0aBKSs4lbJnEHFwRG7kgxTtFL,Z1yfI6RgcMcMW
99	User_99	pvU3MfQXj7tO.yGoGJ55vzKHp6SGfPIjwer.oy0bq375ZWpUUVWjPtUpaukaNuLIXAY6NjOkLowARQEPl9OMPyt4wJ2iDahjCBX1
100	User_100	eWgnB9vk8rPz2Kkhr9Bmuw1LHSrPcSlWALhtX8rEYdhk1mY B;BQ9N9gGn1t: kuOY Z,uE6RxrEyxsOI5fDYjnD9QmQ3EkE 2Dj
101	User_101	xx11y;edN;i4Eo6 KvDujwQaGgvyE,D2IE,5Wvcnra2f,3haYX8I SWgB7:lxsWh.6gjAXC1l9 Q3i5DaJzeuVzKw6m5lrWv7yEb
102	User_102	v5qBRugAWlFLYuDuinFc3 X4g9jVLAtJI6tTXnJkVC0Oucm3fzg6PWP;aiZ7bhCDNfQ3MP9MS4p1AuJ602.ZodPN8EWBJbPLpDlb
103	User_103	SQxjuJ19FCLHS KcewjxEYNMJyrkPmUlUGxv88IhANxv5GFaMseZjgIShvW,ZXwiywEd4D17mVGUqQcdhVIEPFRA9IaF2RltzTQT
104	User_104	WslBHFt,kXEoywKRlx9eOFYJKcG2Cegro1rFsxW1y3VT;PDrOl3t7moOzqmF rWf3fR;FGzrKK28Kg aoHFAxrUtWUXt;vXX:KSw
105	User_105	8,zlyoCMvW;2XrzFmEViATRPMubZalb jNErz6eGdaJE4 61f7sm.pgQFHW8ZlWfw3O6UxgnefSAbuXX9w;s2TGhpeLV5Mditq.g
106	User_106	gAIfjlu1cIkK0uwrss,nyZYtM4f,:JhyuuafA5ZloFJB1NJd1qsSgKNCOmvbdf646Y2gD03fwoXt5km0Opwst6v8A8.GCyCdriES
107	User_107	a:BdIkIkoD OyExSM3HfyD8xHN.y8RcUsT9:f4yJs2pC;:LaXijy2B.TPo6uOHEVuCDIL:lrdKgPGBmt;QX2bq3mC5mZNzhXHn.P
108	User_108	,StdJhmtTOm6Y7u4v9KGAPX4cxf3LFqxOu.S:ARn8sQaR0E8f3s,SkUNblU0gCKZ:wzEdiWL0RI5XLfTVUWa,1:ADrJx9Q4Z6q3M
109	User_109	XL T3DW8492jcBMREpv3dWZ7UYe7cu0faZfKDLxv6D:Ic73S,dj,pI2jxN84BMvCOfOeK4WfC,ajlyoIDwt9M;ExZ0vXGC1z8JDt
110	User_110	SJM.JewSFIsZ3dgdBMURJb;Zerr7UnMGDU;6tM3xtxI1yh84OQFcmHAjgsTBpFHlibUZZfGiqUEw;FYM,tYQFoD:gu0una9Q7h0b
111	User_111	YWHvNWplntvVwSL5D8Kbryskw7tOAo4iPJquMiWauZONako3rOOcA,rLEIhiMdpsN;ptK.Msia2xBr3Rfa59pAHhaBKlSI6WaFUi
112	User_112	VylXDWOU:3FkJ:Wd49c8Wnllx2TqJHVFotpg2,vNE1UwtD0Qy.nSfo0H2rGoh;g.yWgIvUYoz5ixtqJJRmg02ZxA3.dt3ERm EpI
113	User_113	 .FA9GzEPMleAjGGMXoRR31ZGszl2cm2Z 3RP5;gnKXzQ1F6eE5DboURL8Tzq90978NVC:nIXcwFX4LaH3dvhz53rYiqSVeehMkJ
114	User_114	AWsaVM2cYpgwzqjhFwlE6qQFFEs49oYRY6bGE ZYv:xMkVIHNE4wtS4a2URAKNqr1pVBa;7VTD:v2cJz6RFsq3H klyF1FTF97DN
115	User_115	qjp.o948wEkATXOUkFENnipXYOpXYZP sbzS97n1eXe5VEV2SkxsCq8PEcfq;Fsq.c,zZif7aXbzWGgNdD4uUOtMDfUy04hw7ypE
116	User_116	FhPs,wm4v.5wS41Z2:k2Wqnwamf,CTGKxgrjf;zB2YQZMhr4ahcIUx:9RHfz.Sp.eg;K.cicOVx,Nu8ru,sHZtOVX72Ukcf;z5X:
117	User_117	4Ydzq5pQJVoF4d.M9Rsqq.a3FQjSYqBMCDsGQqOx..mpGGKgN13inJ3DrIDz,5YjpfERnm1wIeqmXQ2hXrySC:Jk 2r0pTBAhps,
118	User_118	32PIcekZqOwmvRVGk0wZ0Z3EuhXBiSEKJDXpycp uCK0RfGOOQ.aNRVJUVqEmkpT0hZZUY2Hb6EGsT oiiPMg6eoiFbKj:Lgqdp8
119	User_119	Yqli,XEL9:EtPwtVd5RV ;nvKPF;vFzd;qbLWfEU0ufidY,i 7ySQNh8lTfQR9U27T:lFBuREgGtoJDy:GI;pnd;S41MSnFUg0uy
120	User_120	Zu7ElD8vD4 Nvj68eSrYdg0gSgo FKjuJ.ClBLm,t qpiYOe7 0rZyoCCuUCH:0k8ERMRsxPYE7fbcloiv9FIafYmhchUMl1KUho
121	User_121	US,f06AU6TktEc8Kja51dR5AC5KEmGYBpVfDsM0KZCciiSI:2IKq08yUq1pmTtfYBVV.7ofOgN7ffARN0S,hKMp:SS,eKWwkpbbQ
122	User_122	Vl8j8kFuqdEOF:Xu4,XdDtPt412zBVdXvzhmlUZ97zh8qqWziPB Ni;GDf,V0cm1P3YGmaQ:xm SQ41d.K4whxuWVJXItHGYHt1x
123	User_123	clnjRvP 9;vuQdnMCioEXQFsN5eq 9vJIvagno.bUKYq8.,D.pbu7eEeMzqgKQBPInM;NAq1eVj2zfjdIYAG,oXBHYr4wfu2MGsB
124	User_124	UxvGx2vZCd97UPBJXOnPVHl6lHg4OYOkf41yJ;x8bL;SK5zsOx.Iw,wfo88c3NnCBc8TJJmoRL2DV5KZQ0emqtW9Syxps.MQXJaF
125	User_125	xIK:gVtSmiWj;et99lWm8jv2K71dTo.uPaiUGTWq 4dVWPRb.xTPZdHMN51 h5UkAD:qLwvr:oXq4:1W81Zg1AgmR.;XDP 6z2mD
126	User_126	vhV:1oLE9YusSzKS5RIP5aqjGec,wgAramw0nwIPL,nEbESAXoeib jipWKf.0nc RcLAuEKJYqowEla2VC4bfG324dLpi4:6WoV
127	User_127	T1.SnA4DLR0G,7ZlxV5Usm4f0fyzgkvPUFgHkhUMTp;AlWE,NBh sbeUIknQvBDNtg8Ua2FnPZDUwZs,:;BvupAJXMAJd7oNmDZQ
128	User_128	rZrG.J6Dn2y38ORA5,CG8W8;HsntuCd99qtkQ85tndhiMlgU.knRIZJ:HIzGQ0oQPH:Iabkw,C1SISYfJ3LStWfWFMXNm0w3O4di
129	User_129	XvTZL:vSpwePQg8AIXozAjgpCULE1CfgXWBbz:SFi94iLDXFnTNtd4;eQkSspTh6bthS5DZihOc OND84GdfxT8mLD.4bhK7bnJP
130	User_130	y;egQ8dfP9k378vxilSwGdsHwBW513srGuopAI oympf9HUGtENBH,uY7CqNGm:gZsCK8EmbH9Ly2BVX2r WE5wea y 4PA LAFu
131	User_131	tj7PuNwa4K uy,AjWfIj8YPy8SIo1wD0euD8GjM97G9HtksBuftXvWY:dnuM7N2d2jPZIhcD115252,3yNbpGc3pmPpA.F1AzlYJ
132	User_132	Lf80QmTQV33vR,x8Y,QgN,F E9SlWnpEUPPtnmsc D30GQGeg42S6fQ6Z12bFa9IJYetN4wRbpvIzDBIoWy15Kze;2v:oh:y mjY
133	User_133	gR cAViF4v ;lrOcp4x32 ;onFsfn00mMyuFU26 8famX;VN.Bdf9lNivm5xVdUIoC,ZieIz4ar1NBkpDIqGO8vd9e3pvL2tqxrA
134	User_134	otFGpw1Cfge6r0cXlyUP3iO8.hiCX.mIVhugNfl7,WCQEww8ljYItSPtrydbwt6PABIev9z7GnXppDnwH63JN5mvatDxcURjjCzx
135	User_135	ZLz8POyrHz1dkzOGPs;3W63iziIWOABiXZ8ALHlYtvBxv,X95L6i,3jh6v3KsqjTgE2SNFGs:OJ.Nt:EXb SXJiLmnFfKysX.tD0
136	User_136	o7,B0PLQ8t8CB3WtOZ2yGb6k,GrQO75P5KY.yYd0VcZbBI8eqzgqXCODsH2PTxbjCfF;tRI1NvMM;wF9boiPxE lpc3T4W86c6Wv
137	User_137	E,mU4HhVaekXgwF4LSY6Q24n;95rm h;EDfy1Q1bOYLJQQO;kePwY.k1kYHK9iHNRAeIcOFgh:nFP2rt1Ed9lnEN7wkm9O7s;SWi
138	User_138	IZ0DipiJs6.XIixpiSHouQmkFJ uhk01ssJ;Cvf:qUfChG6:cxloEp3SRIhThdHcZhYGS0Wb07oU1LDmjyQq59Ft3MJ3KNj5wv5U
139	User_139	BAGtB31ebGw7,Db.s9S2IoWsKRaGeMmpEtLRXLPoc:6wdflvkr7Cs.lFfyCJ6VlzLYd777Cyh36W7,km1KQbjqHhdKf0u14ufPi6
140	User_140	3c9EAh5x5zQoA1ST JeGWSOSlroXbvj8qWQ2V,LaWaQGOLP3OTT;HiZunkGO;2Ag1mZNFrr817Eb:59esd0qdwgjlZ.yg1DLBISR
141	User_141	igLHtAtr,nPWZVSLxR8zyiF78K3b.kIPl,0Wyq2.F0nCmy.qcAv.WK Q8AB6QscCo.Trzk2HojYuobK1Lzo18iwusi1;KfyM,XQs
142	User_142	2Cxanjzzfmz6vrZcI;wx3tlwQSCzXpRVIFersQTG7IIuugy1,41rsX8rw1YxO:mihRyFk9BSQsAC b6xlOGvEdZTHwIM2xGx5XOl
143	User_143	ks:nO1YsgqlP; owxfXnqaf5K caZnn2,zDqDjJk1fn;WvB16vuSQ8kXhqVepK4sOxQh84FvvXu1e:OtUnfiV7qheH2orLsI585D
144	User_144	3RNfh2GuQk3ahbE9aNXPhSOEPp.a3A5 JTHbSRoGOR,Cjb3SN gH8K:GimAKnHyaCISFC.Qd cQL fVvpCD3U7LD:N;dZkrSu7RE
145	User_145	VPGyRndHZYQa2FouB,B. Znthwa,6jTJ4:iZfLFXnaYOxu:ptWYvxye7JUT1tRsIQ9.g8yUE2rCyaK3NXaJSovucK5yt e7J90JA
146	User_146	3 Nvn4q66maf;H4Cyb2aG9fSzFqqiCFxQ0dlXTK:L.WPmM3aQNM,TZeIPQCODPXACD AX6Ow8MNQI4KQ8hrlvVGgvrZYJvNQ2GZc
147	User_147	wdeODh1yCrI4jg0EbCX:P40AgHfsvt,LIRnwNG1fNt518mZ87mfkZOh9h0fRd,YUK;7Ckc8TsoJZO9.3.CUSNVwWJacNLRvNNwq9
148	User_148	8 ENq xj7GV2I9;dCNMJvLq8iTmA:.y8cj1zMT1FYP,2nTmci vfF.:PQILPgETYLrtaswx6qJHzpCAN.clBuO:KSvkMHBk9EdtU
149	User_149	IAn9s7P6RIizLimp,h35PerYICj0lD8iUTUVHU5Vc7hJzp0w:1IXSdN0CxBWTeTrxLWCk tkjw:YrRiKdF YL,59NjuYuglB,qFj
150	User_150	jffLw8ePbQHG q :k;OVRFmQ:J4sv3d8zKXRMbnfwV7;:lW5tV7;b5I 17Ekp.cAv4zG1DE48TWOk;kT5.6TYCL1Yh:IQS7wMt;f
151	User_151	dZq1kBD.GGNuy:2ab12szq i2TuNTjLuOK.bxWWH;:Lo054TQHskxdvCle,PAtru1tzoqU94EHjPkzpYKID7doXRvRQfOEbir9.t
152	User_152	BUEbaARF5MyUeq:.zM,giS9b95k;xh6Rpk2FHKRy:,;MLiTxMVM.7Ag1LLq5ov4wQlzMa4AFBiYZ52kXV6Epua;6WEj o8GXwTYx
153	User_153	vCvTIWhNqVNQDdpw3zEL8vwB.4;TIbKS3UrDFtYue7 5g0nBy.ZNsOOnEelIwEKh,U;Uu4mszLP02sYvhNwWKQtiWWY0,.woDglA
154	User_154	8xkv3o6CEM Dl8PVjIOqUudsZ;O.060b95QFmWjUsp454cV.;RBQTx1HN,WasYJ fPqpXzSjcFuGBiqopFSlGh8ET,:hvaUqOFsv
155	User_155	0H4wlAK.2Px;nBYoZx s3XbsQsRpBn8J9DFRDG0qy6zy ou1NM.ohpkpo.2SecS g0F,680B,PF.ifNJRyBPzsfrMloJ8S6Tr4YB
156	User_156	TKdJY9eYFuyWDdicevYbtu;Veg,.Dyj8;ojjrxagLPFMI4lnHqxQQSpHsTIRhR:hi717ATt.sE2QLdOVrmh1Vv2mfTRX SFZo,WI
157	User_157	wdkd1wI;ql5IB;IHTUPUxQ.lbj1.pZ.1x02YxwTI;V5qh mUvFaMzNkRk65OPF9geqKEoQKq.a8QgcdndzdU2BRN ,wZLcyJyMa6
158	User_158	.UgM03Hf8FcZyacz.NCF3jGnEyxPkWOF:gSWA.M0i7txV.yJSwttvqLB.ugPfbmEfieR;Hb8fBu,ZZA4BN4NLcUI8yMQMSMc;82z
159	User_159	AW8YORzRApubv.VNRrF5;WCwpybh pFTcCU35QdU4f0SK3.JBQ7fBHe1sfM,.bP0FMxWZ.ytDWPh8dblnKfnoz9KWUZxWt3L6peb
160	User_160	udFGSfm;lcceFI,EerHGwo0.tlQ.lSsSlLkB5CV0W5Q:4BydMJwq3Zut:lU7ll6hJ8SCfevHPx7GEDEkkX8FmAYRWH9T,ocH;mY0
161	User_161	OhKBq.PdI3SfSsCDmM6,SPSWdI,I xBUTFBgdkf9ODcTUCdmq2 NSl,:r1vGtk:5sL.O;H8MwZA0SYVSCma13LE3u6KN;Zv:AZLz
162	User_162	8LWBNl8n.xVrhsLjyUe5F;SDNz:qZ1ed9cl3somfSMyDivpbKXLFjlT6VSfpopePuz1Ba;pUV2R4d:JoV7rQp1EteSWNXD:01oth
163	User_163	3cpAfjK5;a0wFaW.Gqg,LFr36ixpWgMPi,2MNI0ipLSPurmwueygpFsA,t7 Tsm:CnbOO8iFqedt89dnt1f5WGRX S4u,XcaEifE
164	User_164	n6v6b;ST4vUS6cnPaYMqIiSYTs 5X9K.Pll5YNhSBkAICj8VP1MEo,EbRpjn5.xOYB.zR FCLKqKsnc8VkbpWLqUT99.NTobvXob
165	User_165	LwxjtlT1CWIkIAp6tUWhThh9DBf:4zXjpCKt8bLxuKXkuzZ,WMzoPwBxnKVI.JOrVuDOYKre8 Lo1mmOSvBsCTxqdpSk89f4421v
166	User_166	qAE6 66728pORu:QlCKYuQWTCPP1YrJT5SQSJ7LlXSU,MJ7Fj4MyYoho8TijwF1UIXN17nb,NC82lnMuZpuPA.ukyNgVmW0EVUID
167	User_167	Imw mS.MC,DZ6klETCERfAgj0 xPJv5MKz jknnvfblXDa8fWSf;wlFVAWfkiHJq1mR;F7;fqe.uH9btH4wE42stzaykNLrumgC7
168	User_168	9xmqruBziEWW:KZuwFxYe5Uz39pcb,8W:0WuGR3bLEXRdz9;QqQmY.1mbCNEv22VtEuFLvgDl8,cY7h2:GCxdECiAWS5H7PCYgb1
169	User_169	TpjwUBaS,;wy9C3r7;w Zb12O2Nk130NkW 2O:Ww7FVpAGxSF0tc;9w0aEH6:NmzoM;HUpPQsg7TtFvBTbgNtbdtnrw:7ko82umj
170	User_170	xaF stZRyD:HLcwnvSy: kVvxTn bCSyfQfaH5VwJh;NnENP .k7r:ackIK.7UUN8tXv1FPX0xzRv4h1jf9dmw.5TJCbEVlIj1f8
171	User_171	kpMXo2d;eIDTaBn0cktxW,0sf :rFvwoGSA8hpWN.jFH7GF7aw9IhkO6N1eSE7 PKJUp,OTmF6pk;hS02JeGzh1t0otVEkitaz,y
172	User_172	Sw5 Ok3dPKNU4ZylPqXf7X.NveauD0P1h,vIF 4t0rzisQsE4I5paTRN7F14buTxxY7WFjkAnSo3V82dXnVKpEjxW,WvAs40gZFh
173	User_173	gIHQZTrdlemxbnPJUlem58zRF0VVfI2AOF ZWP0McKC6GMp8BrVYh53WIrKt SN;d6W8tqQ8a:5XlN04JLkMufO9S.llRvn:,gEH
174	User_174	TR,rY;cOZDp8lw1eKGD6T:NPjqTWCBe0zK3jumz V0lluSQa58nwkAtzkv,7qF1:qcb2.5zyx:arlpV5jaWTQuDLav,Y1UF1qTQs
175	User_175	zvLOucp1ZNq,4uvSJTEyzZ1wTtbZxKTs4J8M9tYU5g,0sSN4l:sdAo AMNJJNITRAD2v4eCi1TLiyVAA6BA2qUJJajXW38WwdtA8
176	User_176	K8s75dN,FxmlI6HIjxTc.hiI0UyC86KiWfu9G;w07juj4Gz1TN.: yq9xiXGIoqXejhFkr6W6eU3pknuHMP5BppmhSI3xWd1CYpK
177	User_177	ui2qzjod,j;XknJ3ie6cC imdjwXWC7Ec7:ghFrImB.ZQ0BfMp3Bjok,1x3xv2Kls8Tso,JRMPxi4PVl7vIFg.3fAKJHMNCFHmrr
178	User_178	CcdU.jD.8ILlSXu5IY;Tmx,hBebxYfxhhryZVh1Fu3Fno3x1FoVmOo;g8WMF:wpHQcqa:,NnEm:X9lEbvHC3cIYNdVbiTlO .6IS
179	User_179	h,Hzw ExSOhHZUUC8REfCxflXaEMtzP;.lxFMpZbSdaBfyzF6wVn:gLjKJYem.,5K:nQLDqw4cG:JH1bVjMw87w2OA 52RriHuFk
180	User_180	RmgoFNwLxuHBMJJorMF3RP7hMK rap2q7PlEjQniDAJROYP8feYBh09ot6WBzllaN1KH.UY ybaFYO.WA:PRkmY11;tf,cW9802X
181	User_181	NL5pyD1l8,hXZRO,D2x4KdTi1CkoRZKmnad57PMwZzD uP7BzdntNjz3P7gTpV;yNKH: t7.u:UFyJSqYK,HNaC8:k JMdh6K1R2
182	User_182	yaxk8:V:HsYe0.BBTQkMA8.QyKxDTCfmpDra1 Lu;KewYxqibupej;0F:sauYq1v9TZfK4hUEbxtxgrPz9r:HfrgOZhcLcEfN OA
183	User_183	HVBmvhjlXqNjOb:YiurFLs96UuA4KZZUTjZqv1j PVMTpr2Te8GDbuu2CcmXE8dADLjtJiF2Pb.:2E1p2TPUa24JL2yMUBqvWN8E
184	User_184	5Rj,1 HUUWV2D3wWgkiCJwRG,H7DiMiZ7MrRcw6m1v:Pc,BVgutC8pUXbPebSJJV7P48wIemC9.skmGiExzGGzkzyoejbvgOzD0f
185	User_185	UFOvrCxu Qydg1xLsuO9oG9BAAiX81sPkvkVZ9A1UqDfLxd,h0X9qMo6COwVcxzeRjbwYrKOV8V9txMB8R DpBqIQs61BBefPu6M
186	User_186	 n;Y i5ki599vFt sNd6G.Gf2TTDP6NsvupAlPIy1quydAzC9JJ,GoFyCopt5Pv9fTmTYwfJpou8VA7g5JREWgRsxjtuVFUnXqQQ
187	User_187	eAl4bNtFPRzdgYhHwRR7DZy8:uLhsZETRzBRAaFQGTw9Qm2LsyhGRT0dfspcP62zOWph.zxVeuvQ;dh7oBtg.ECtBtZ3TXgPIXBL
188	User_188	ljr9b8:1PKnLwZXHQ Xybv5b;8Wh96..DIl790m5G7lmoIEPjczIK5WQwzJOZ4sKr0,YRTuPHxqQHt;Xo8E;e9nTRTaI5u0EPEp.
189	User_189	vMMXae2MWGmzuV1rkDmoHYRPwgnkMY RUauiMoGu;9X3TBcE1OOapIJxLwMtgI2fvPUCdq0rg:B5hb6X,SpzPQlFv5hoAm5Jnxev
190	User_190	qRnW5ET9wXAZHxolG ;CM5U3LP6ToYy80 .IceIL.,rq9786i;j6OCjt48j1m,r:Suf7:q9s;KCcygjuWDAlekEK XVvLVxL47j.
191	User_191	WQ:Lkemlb7M4RbT.2N88uz4fnhRufnzFFveNdpnwXZS7K3cc:IX.UIA1JXpDLBW;eQbv0qtpiVhr:io.0wmVn32PxALQeJEWV:ON
192	User_192	ft y3Gim.RVDhKN.Wko4f2EhAgS1bx.C9c.r8unAeRYpzb;pAQ;3xZCBiSPEsLVf;4IV1B1G9gOuOx8FS0fs5X1DT67tRzoVa U1
193	User_193	Coq:osEAbG13XuLfwTJPC0Ib y,6B53Ji:Sy qisBZBre7XoGgXp6w iS3GozRizigqnZansLyhJ;g7N1 fOoIdwst9rapWq1pe:
194	User_194	9:PURgO7sLVSixg;W6 UcAIT7j5HrRY4OvcLo6.Jk.d;Mf0r7U1rwopJD4g9cOhGW,k4WZ6PffxyCQjJALZl22UbRh3NfbYF.:63
195	User_195	zMboViVu94CFXrNQSqcLo vZA 7ydlyUF28gE7dDRagdr1.TaCl8WfM:Y,ShufLs2MBrUFFexllXc0PvgTLALP8ZIA 2KedaArB7
196	User_196	8DZs;bfKEcApguvGOoJQ ZSdUqD8eu;CIetd09P4OthIxF3,L;yNWFt0OtpDvLwX9787lhGA5p XZigo4TfdHduP2mLlVh9AOvC,
197	User_197	2pi3Vhkh6umthR2Wonw75CF6 cn; lV1cNSHtrQGNDDMxpWcxES3.yi7QyDCucqeZ0R1Y1KLgcfO,Uv.wXk JR239OzeKgRXTF70
198	User_198	5t2 qK5twl00iF92 TTN.feVw8OLyYStNQCLF,96,NSVp;GIJpS1cCKEZs1Pl8KnjasRUwPjJa33aMIAhi c C 6R,WtlSrDMwsG
199	User_199	LFW,KGd:xbpRhHiTPUj5kijEHf fjiNHuxmaYTCO5HA,J679v38ZTU1rFZX3btvtydjTbk5T2LLyJAVW1zJ3GKoIy;N1iBrSbbWb
200	User_200	7bf5io4OwAjCXKdFkhcL,AnrTF.WJaSGSe6MrvF78Q5YCCLKTMtlhZOk;5ddbF2sUfJlKWkXPgBJeRtlMKwFb94qelAI,0Z6x;JO
201	User_201	A,4ZwzrjcYlN5:J:pn0ZmIxhGeUn1CxU5R6Hm6enqL:wgG,LCKV8.XtKr1G:EmmuMlWJ.yS,onQrnFgpz do,59crJ5RiG1FXjKy
202	User_202	gcesIa;3Wi3Z QKeVj8su:2vW2n:aQawcJaOHhEfxGi0jQP3GrBWNTqLtb6.BlBMuCYiR,qGSww6.kBdnjsaqe5jA,o8uIyP6WAN
203	User_203	PLX:BUTnNg447PktJnLVSQ1gIfYchdhxIa52:iHdX9zz:ifdOvmMtRZ9CqbOy.ts0w0Gig59xEajTwfOe9VYjidcqNM8wtkNs7lt
204	User_204	lwKw8AAVSRa8zyclLf4of2m8yY Mx4uU3bBERPGNAJdpL7 xJjzPAbuYRcLvyVaH2CnAqG9lfszUrvBJVBMMZqula.NLY60wM 5R
205	User_205	y6fC2elhT LqVFppcPQ8CZl e:zk6lEbQ3Wk9ITM:fH0LdSoWV 30QFIHDfxXBJNWbS8sbAoJMwxmWOx7aBGqbhnjb2lAiNb2T1r
206	User_206	rT6qo So;hruyxLLD1DijlIYyFMEaJeRkEP77D0sGx0G4J3CBe 5.IFyaWZCSknENAYWAvoDTE.QxT;ji2fm0 kGdYxGg8RqjYvh
207	User_207	YmoP2hjKKdPZC,rRDCiRjr7MTJKdmhvzNyYir8KM1Q:30A9kqvgHl6a;:g o7xAu13mD6FZsV luHSgfISCb4ht8InWle58GOMlR
208	User_208	cmexoihOds6bxTgKKb dNtkx2VRwgN7ZfDDvMQp2Hrra:ePEmEGxmx OKamg9OGA6DGaGOzOfgNX hV8vBDGBsMESiozCdaeCl2B
209	User_209	7NFiJOopn6rzhuizVld4C,490q5JYV2HpravDOuTkj,XP90h73IA.JulLWJdcQO.0uwR48MfKYX9ArA6.,tL4AdXM FCevfdXJdX
210	User_210	F3ynUHTsfFgllBmqklaheStd66N Fb1L8d1yr2fgGWs.BN6DveRqpOvG0CMt5m.qzCkSOjezR54t66x7Bj1PZg8P7OqLRfDAUqoM
211	User_211	BjN6jT8leiBIaB3:SbnYhlZm:fhlyLI3fyZIuSlm1Gt3367zLHDh 0yChE9hhsSlJXa6ZB7jrfU,43vANtxF kkaNqrVcehVb9fZ
212	User_212	ZQg 9I1Wv1QHBVpNpu,fMT2b4k5FyQNofDe;pElEi6Ign5lMBxP.B.vDmGab5cpVsRCoxLi59xUadr2CSElhrxx;960q,imb,0eC
213	User_213	U7j7sD8v7PR:d.d9;4VIj59 sJ03mCl j9SnX5xT4OYkEI3,,L:MBzl4ZhnzTsUoICg7DRYAmmAxTKX.3pz1J01j,UYScIyveDTZ
214	User_214	Zd5K;fNmqfvfhiHvI6 TWzhtlmiKz5wjBBn7mqAd2e23gN4Bn1e2hjv4.AiItzykkKo1ju6ypNawYF9eWqKEqUFYzKUx0QerDFNS
215	User_215	G7h6Ggniw3zcdwZmVrFjlISXFmYi;TGUE9D9,:ty npZw6RSA,CFfFEZh3UYVGVYME;,09MCxhLy5p9BYX91NHitM1,70QMreQKd
216	User_216	a2iDWFWh7wMMHH:Vl5QoqapHJ2FrRCPh;MSqhMMflWFa.E7D14yAAQqmqIjTiw;eXD6eUeZVMFeN1JxtoCiPrJRQWesr.LnDPspi
217	User_217	cgtEqAFmPF,rpyys:95PhemiJ8bFs7EbbTJ:MK7f0IRBxb99L.vt2ehVYF g4y4GAcWIyA.N,zFG8mxF B;xCpCBNynqa5w;.13F
218	User_218	kOT;,M5vI.y5J8:WHAywUaQ17bHUmh0AKdPslAb;496aDJv:.61MXcUbDLARlcjLvv4ghNRrsU,95nR; Tc,71FRU6fKaiwJ2FqU
219	User_219	T;uQ,ofWVONvr4UdAFnDz8qfd jtsH6k14jmPIqmbTR7WTS1p3AHc ybhl4FQv;gUPK4y2.2pWR;iLGGANV4cQ8FNtJNZQKf7;7T
220	User_220	GvS:2yxYidi4rbFQmdEbQvRmTO5HAr1;aARkYrr3YgQKDVB1XDWxASlImFKRNcFDxey,JAdoXv;6NpIWwmRzAdf8J2kkBBD5IFVm
221	User_221	Py9GwPdX,kTjKtxTSQPLzSMw7 mwrqEXU;5GgVM8mhggUChTiJiwuuqapJG896j4Kbx;2DiSjbniE;1eCK3jyA.EVZAC,Z,NtbTu
222	User_222	v:pAX.:86,ktyKA.1704,dSzeNr4bT;9PfBqTwP:rnguUVw6VrHRT6Zc8tUfxyo7GEODYbSUi0cPyhj3vEGrQfbJvgB:wTodntFa
223	User_223	E6QT2mAbJu;Kyg9tqUA89wYIEgaP:8EYfo68z5L08C,GLao6qQbpXZxMNiah6dIoMqfuNZU1yZTOVXFt:.eyHgjzoQV65C1QAbFo
224	User_224	Dn.byFbdjEOab.VF.juH:d 4r7hLQOCiMcLBNax9bM.Tt72M oHHAiv;sjHhdb01zRGvNldh6GK50Dd,og2mAVn:Xy U7Ch,i9oR
225	User_225	g2xPMgojze9uYWU17pEyPAWRwzTxDte9nnPMzeXNjZ89DHdbeuLrO1WG8,D.t0ggawDuJgkKC8FY6VLpWhlKWtfXnshYC6k3FCOx
226	User_226	GLKOCUxtszTSMreb7i2h6o jpRbucbb587Y79Dj63tdhml5v1AdADq5VlAxqU7qguwd6C0bVPany03;Uir2nuj4g1KJ;WbJ4lL90
227	User_227	Av4gu9Gq7MIv,eNy5bxu3FTD5p8p1nfTWUdXaiUr;wp1o.o6bEdO7iubg9Q1N5T41xnn s5eWyMKNaNbVOhJ4.NzlV,nWSaeUqTC
228	User_228	egD7BnERloEiGKNigxPzZD36wrWa0F0aqQ0TQo8t6DhKjv4;H7ramSTaaKtM8aEiXN2XB1pm JtIb5qbrlT:Br k2eRKDWMoSA,7
229	User_229	PMCOdKABBSw9Fnh0nQ65SbtoDU3PLENzsU6;I1MxklEbc gvrnE:1,2ufzQo2siDdAb;;zbW1vj,LhQ9rB2I5:U7TOPy5MJr .y1
230	User_230	O0aX5i:qJYMQNtO4rQ6gi4NdWWWXqOL0SRo1:ytpb3jYB7SBb..L3Pbf3FIysMeIvA9nNRAgVzJd2utKI;K RJP;oQjkYHOwp3SY
231	User_231	SxCkgXFCngRn6h6GD8hSedsHl,cgvsu L;FCkVNWoW.NIyyR9LokdQOtHIsXsS;R6;99xmc80Q.pjD6WQK5Tev6mSg2X kkrKb:u
232	User_232	O5cnZezEMLbbBPxldD6IL,DH62zUn66ukykQ4R8JZmQUaGWkTIQ5UpuRbDjmm6l9aTr0X;NtNtBt4S80jxw2Ru65Ejvdyl125il8
233	User_233	5CEPAD0T;MxTjZKDDnc.xbok0XQQ04V3UIa5Kx8MhbCj00.mgLa3lvsJwpkqrWIf3cB1SlzZb.DHYV3YD;qlIQOGLtvo8.H9RHMq
234	User_234	tyAl,gxRhc.,aeSkcJUXVfhPYPL7BozIR1yGVvm87rmLOENAOc4bdJUrYaq R;W7tRF5uGFZWX02jdPMF,UBCr7BgOIKG17,jE.O
235	User_235	DSdepebTZxsk4Rs5Goo62xOCjbgxIh9gPY3xj2Zx.gV7nYkbOgjmi8;yOYewUrNaPNSCrT2xaxnMONA0nrRujBGeQ.V9jrb1Buql
236	User_236	1C4X0r0fjl4v8wdqtTtCiXOK;D9Hj;ZRpGZCjnQNDm2oe99a:U;lV.k2niZKDeN:Q7MtD:yb,Fdr9N68HFSYIMJjGN.Ai5K1js9g
237	User_237	zL;nQgljbSGfdQ w1q20. zJzR0Bo.L,iVkiFjiQQjtxsRy1y02N5Bl7lBDRhX6.5gJd2P0C4MT5lmlf8K;T6RsdIPvNPIwBn 0L
238	User_238	.j3CAGu3HwhhkQNNQKL1kqZZrQeeNWUeOlrbqwiOzkyPuUQOf8KHI,frsGR6wMNR1CQEhcEs7b5sK6PCoX1zW2RJrwzJWyYtdMXv
239	User_239	LcjViU7;dpOWw2QMdbrkJ0 i1YC1,Rpf:y;CQOWjIA:X97kk3VZrH.GBury M4g62,jx4Kg9q7oqqBG02IZ,y8kSV54LK3 nvLlB
240	User_240	s;:j9qAuJtmHOckoG,URc.DM:XCZyLVptLKbcfGXSNODzFKb 5n9,FGIpulPkwkWXYM.VrG9mqZ4cd9y3ZUYlrQ4S aia WTG TP
241	User_241	I4,PVUbFfrLK xNf3pC2VQjpkJRwA6mo2Oh9bt8Fh B6IQIx;Gd,HP21f8,kh4GIl,j.kS.Mo0sZMo4hps RFv36MVa5LnAYQUE,
242	User_242	cm1mEjztseXYxmwOodl3CJfNH2Upg4xYHtfSVykZFh;KZ0WUbtkQ8 eOKMQxm;19IXfizSO5s5S1qdbZ5s0CeUC Hw,hrhKCmc.:
243	User_243	vCdN8wHuLaStpy0lIVdq1v0Yb7.DV9.8RpwN42Un4qzF:,1VF goWrlWj2WF;;g0oYvaLPOS86Cg0yv4;gY8SyhoM t MKT4SV5m
244	User_244	hJfL89zfybMWkGgstLHHJzryUW.F7oX7ke0Pbuz3u5ie9HG5Cv0NArsHWX1.1X:XBiz41DybavCykAq8aNDaca,U09AiXnhxZO:9
245	User_245	EHnx;ddgeGfGHRnT3jJ9IPrH:j5ga9OmGSGLAn2LZD92:avHnYeO2886DlaNumBydhNqOgPRoismPm8TP;CqmLi3wL0n5iS55GfY
246	User_246	onTeaZq,d78TAMze6QE;jSrk7mOIrhCeN6,:zx.6BOTWOhHAd1AMFEpgnJMGsz7pTt0KPqSTa;UmVzFKBe ,QaN1JIPSuySYEW;I
247	User_247	x.z.r Yz3k9wvAMJ4QCGzG7m3Z1PtMg8fYZ09YlzqOMzXHmC.crJ1w8YHa0vxnFwhKjODnX1F8.SjNep3v.l:0tkTq3jL16wxuht
248	User_248	E3PPhgI:1KhOxwbyW2Tc,BBAIRFBt, YnQbwyVS901MacRtosl14Yl8FW7asCIfRyYeXA.kuM6NBXI8pbuA,S85CbN4KPbvhH0fC
249	User_249	qNExjcG;XpRCfcf;i7CF v7tkAqxe604:QX4PO.gvq3Bj Yv3Pr :KOg:i:MKwPpJWcnsgY.6GcVcTPmXHmajFn2vC,Zxx6tURwm
250	User_250	UXdaAFOj.P4jtIf5XilPpfSUaC9E3MO340.aP2g6EU6 wdyJVuxvUY0HZoNKDUMFbTuDfzIZNMoZmsoWCD:EI76tCWKofhoZ;a,A
251	User_251	6KBN1Oe6srrogzE2qZ4wx0lw.bTVnXA;ABGk3,5RFyZ6V36X:NqK6Q427MvSSSROZvFZimucF5jVPekrHUgKiHjn2coG9EG4N.d.
252	User_252	NwrvN.u9f7IArp;xRkNmYIRUvYK8 HSA26k,;c R,dq8IuWYL7Q2Vzuj9MqZaicrXkuijB5yOPjwg9ygEm1UKY1 4ErbMbWMGQmz
253	User_253	BYHt:XlUS6sOx5trSmCn5qgLk,FlHlgERzS:7jzJAMFVj1S 5tF;3EqD9WAdI90D;6U,sYE6qGTC02Q0dJBQKdIg:;zrHiW7AOHs
254	User_254	8u87bFtnrHY;ZAqInmXVAEe1Ku:9BNwUSic,mrmnHbf130pgw04HRIY9023SOQA,1A;ZDr7hOWfbC28cslChRqzy9aNOek3VYvIE
255	User_255	gqgcDMCQpNSZWOZfMFxzO:nFFLZBPvc,yQS:y1,3BnVuiSRLHizA:R,pZ4SBy,RRaUUZlOuEOXAR;AOCxYjyEge1:.qCU8We UjB
256	User_256	kwSLmllBE04opLGHYLka.HEaFVxKXXUiW1q:ADaOEQ;pM5lbQT4y88 kGIty6pFV,O;yq3k;qsS2H6KIqcP1T;:g:3e GXKxyGsE
257	User_257	aruTSlTRmiJP5,z11vSkhtUfwTr2.x0Oz73MSpHOzcRdOpwRU7xGuJ9i,LaqBPS7KoNPZBg5d2jFegJLQqyOCAz5Kf;HfJGpAKh4
258	User_258	n:P5chQ8tgb1lBv4wKS6amziMtQWxqc44YLUjAHdUx04.T7cG1VGWX4JAOWh5pBNIzuZ75Ijt;1c7tC:CF51mJEgQENuwFu0eRC4
259	User_259	QmwhOpDq4K2Nc14yTMMZqd4ECh8Z8Y4Ki2qrjsP.CQytYC6d,uPGrM:FBib3:ej9tJWaaqI1cESBgXbz9qxCIuIBO9h9jn:.ZxII
260	User_260	Z,,cv6wmbPMER5uUGKtEheNg2:ykcxPKA3BcPcJUnnKQDv8kB:1if:8bgq932nphi5w8OT1jfU9.bJ3yF8f,HOWdciZMvUxX2k4X
261	User_261	vQppOuJ09pggymEmEfx6J9.wr0ZG3zDnENGEeWac.R1tp7nYXucdaderAXxHH4h.PHMJ4E34CrBYlO6R7yzlQVt2OWmATZgUDaex
262	User_262	XTeKVE79CA9j0eCgg.OdxMSZO9zF:EGB:eel;FPN:h,T1rq,l3ZYPln.T2ST;8e::zTfEHKUpasFx2ExfVEiKu0gk6qLfkRJm6Qe
263	User_263	BXvBI7mF,xsRBYbkWYd5uX8,brQqsPGuH2YkJydb4CogoNcZOO,c;QLWp19RCTBi;ZOpo8YLrthmWRGlsdi lIDcavpp,FlIKAsN
264	User_264	,3:5FAM;C5WKcErfR63OyBSLYVRkEECA2Tpz5emaFcX;8rv0m3AlW3;8m8mE0V9fZfY5tYrVAUZ12g8JPIsHjl8Tb:sKltENws1K
265	User_265	KXqqKchl6V1SPHm.tGjeOb,liWjbJ .:xLMxerxmSaG57ElqW:J.0n.J.0Rh:7teZMXeIIVyR9YgzKQuGq:,tfoRtlT aGm.SJLx
266	User_266	zJ0BE02P,F8.GU ebX,qEUz8k7MWhhE2I6;Va0sTDIn3QhnJc VOoUqnTr;IGfIvH0ji2:kZ05eO  ytCjP42oOE3pJ.Fbc1i;fP
267	User_267	Awau1p2THa;x4zHOpbwloOyggmRStmgbNaPllTW9:nh7UDMObDrUbgHM XPnkqd 8Fy.6AYkT:Bv3a,Ub1:KmtTIfnVHliHmy9ho
268	User_268	x2b0vRIU9iH5uUjOW8IybqDQR8TOpjDYV5Y,rG93Hg 8waGjreU.6ex8Cd:PSfGErCzruuxvRkfC0jsIUIRRtgQfLVdA;;3NEBnV
269	User_269	X8.NX5;Ht7q7,nTX:3gYgHsAmToO:x6Epw1irld6VfaIUEK6YN1r71YwaFuWSj7ddorsowKHJicYvbrAg P9Q8YzEGwteq2sO253
270	User_270	AlcLbFAZOtqSBvFgqVDE2Y2,pkbNhekWUdgfui lbeGCF7:ziwhYu4noD V:32x7Vt.g5ZiNTxjn0iqRiLS2X8NaySuf1;WZI9:m
271	User_271	E8yhA47rnsCmlULiTOqPGGU067fDsthMqo:iYIlAc wAtksDI. VJtX758gsjw7E5EZ15jOAxa1dA.mUP810JZw7uNFZp.P,rri.
272	User_272	PN:sA HX.pgnK9w3aTR25tHty7vkdjm0f48soRnHn5PZGfA htJ4c5NVH V kTc5sYCajzDA0delonh;.9t7HCpGX4CfY4v6pysf
273	User_273	wAeb.2A7Onwze:0;g19fOgwS7XO;TA;TRiclL:pSPUbk1800yVkxTJNy:wH.Ezh:2 BgC5 V2Mc3L6RfPpM9ve20oGOwdi1khaQE
274	User_274	NjFAS7Nl44930PNXh;jgveyVMhVtOFxwgfm8td2RmHXybpkO05uTymSL;rSjpVjP4YZJ:zt8NvXOI InmDkQQ3VgRpNkT2CZE,UD
275	User_275	U;ECFgJHAv4Uqw;tWyYN8Ol4aAYpfnW:MZtKImhd2dXlph0EkWUM,YUoHbV9Vc, ge6x,3sdklgg9810H8I,qeEqBAPT kSKPdUN
276	User_276	5vWm,k7bgZsB0g9wfe 1qBZPT9mgJCbhmoAgQjkskEyM :ygztzKllE9ON NJvOIsqdqXzb0RyzxkjPQ3sAWY,BRUBplZk4,QeLA
277	User_277	XRsTdEPa2mkf2LP5Ma7s:z1ue1.NkiMcw;qon:wwtLNIvkAvDHTORdbWwSoJizuhWRQZ3gl7DYmUOIwdyz9rZ5yDkmUWYllwKZR4
278	User_278	kw,x3zjnGyUoGTcTCsF0daZh94.ACPw,qL5yfYEJ6T3w6fFah.L2HYoXdUqSfCcY5KVVIG5,HbVseY 9mhvYKyDYL8lCEIi14 N:
279	User_279	:7X.9 KACL09ezc5Yyh0;:3Z1LB.p3fC2SI2X6HXi3owpDan:bo;jOndVm;dAqaF:tN.3JGwyl:8E9HQ;44uMUYLII:87 aALOk4
280	User_280	,rEjRCxcTekLUL2fuptcqOR1UQLSedeslTft4A6NKqNp6A5VWJz;KVwBKL:xaq goIr7,S.,gsvlYLEWOv7:EjgxXfPRvJJFAKwd
281	User_281	1vaFll9qPx2mX;jMTX1;:ACefWTEHWX rT64,q;GWNs8BFVK:0LN7lgU9t;Xe6nmw,5JHdvnk2HDwVtYdmxssWKM kR1kfSw.llR
282	User_282	qdIdVfxc:TED:MSTupkCtfvNzyPVeYwkqUHkvAZJ9XEw2v93yZP1o2xtyBgdpk:y1RYF:LJ2cfaUolY,kDkHFlNo1jy6uzIIt:F9
283	User_283	lexlt9R55P,GfP1F 2PXV,GikGz;.s.lTprTgvbkKYj3kYi8iNMwLAtSGeOxK:vCW8idcmiB3cpVnuuffg.Gf,XDnsnj2stHXBFU
284	User_284	U9HoYnn:,kkVs1S:,hm5g:hvBF4t9LyOHh4CidtFTFQwh8HPaPzdWXhFyF.tYXpPGuOocoNn6YFQywqN3s1eizsCTrJEebSW:;.U
285	User_285	4LbGF1L5HB0D.HK2FioQp;7z7G.jaM2LY7ID0wyhIUsEZXEx;jlbwQbRniRP979spFHsbWw XJT8G2DWU989xBbe4; CsBgdTgTZ
286	User_286	VH,TvZ5vjixOnKEoglVHB:M7ryewJVmKeWmlvs;6Nn0e1I3tL3RcKm4xmTki6IV.vlC2SKQqeITv lp5sehQhHlbNuHoWXo3sqAl
287	User_287	D:3g6Wcv1Q2a0;ep1.;j3oY8f0T 0EmBW7INDF.tM;P5ZiZd4fE:IsI klDrkRUI7hGzgCwJ9xn9yEAfI1K4WibWKd.HkWIaFXut
288	User_288	oefDd01dMV8Sf7RbD5X;q9d4gSWb;AuGgYaBvKsAcCkbJ.ZE:B.ANWlP.w0DT;DjI04:ylUFPEUGM:NMaXenaXs5 cGBDNKLBoqL
289	User_289	8ikoy 4lsq33fGGE3L,xszNnZ6xlIS7,,dRdImbWV;X4Imod4WQ:QHPDBXsp5q7vL4V dXZE97ai6bJmsbB7QQs.rYZQgFw2eH u
290	User_290	e.2117KK:pi4lMFExJM570MUCS8COIK7vYR6oHk30WPbm9NkZQHUFliZx0.174ej,TPxOTn3l;xgmZPSsr0N2J1bX5i:odVNr9:g
291	User_291	UinOi82jRBxXLxwaLuCmKNxIqKQ0GhjC Aw4:pfhPHHPN9stI;FVvkBah,jGtJfUoQS.uGkzFX;x8AMA1EwQ iMcHSHHLzqsj,yX
292	User_292	FhPzM BuAeUI KiR8A618jVJ4w23KBVJ3TUY6St80Bl0aIjIsfHE,BsqRz35RU.C0w:UGzpKPIBzvJ hmzveT7..DWLHxKM3VFfu
293	User_293	ruKwSiGDFAJOEeLqlwtWIB;,hHFx3nn0d0GV.derLbhjASRE5E0JNFemDuzfl0a24flA2rr8ka81Hyl045XoEuH0joKM9QL:,n0v
294	User_294	 FxSkKNcOQD.8ikaXhvWCJFPkew4q1Gx5FVvxnS5846aRbTdDFFGkkitcKD2Rx66tnC0,M99ZBy698cUUBO.T1wJKBDhrPTuoYBa
295	User_295	TR5xlWVKbUOr4RcaHa.KAYxVTQH06jQ7GakPv7b:VF1IT6aQcpWElHMVWObdYDsS026eNsHvzQHSapsEGjyd5f9jS6ycxiRlym8l
296	User_296	QZ11,Q 3x:c7ZKfo0PjV:IPtMFp0zOhR8t;yA :tyhLxqBPybV;urOQJytv3CUbgSgelVT,BcGFnLK5lFK,DNLh2MbVyyaOfkGnf
297	User_297	CK601.,1cpqU9sLB1vyJpj56gQ1JlYWi85qut18oT3UI6BV wUFY,08bwerIPIfCAK 3p;AUw,6cCBOHkdO.PyPa:OrxwmB6 o;J
298	User_298	8h97laO.LXcGqlJRtj7cshM21LFowMyvT4gOLtI9kUSNcEXemegR5pYMBo87pOc,vN.FV3vcsJvjsFCv;1,en;g6HKJUBZEVfus3
299	User_299	WVg.ALIq:3XdfZg.;D3FVw.dH6if;E;QD34PxW90hvnFtQNVRi7YmNGxY1ByzJudm44fls.JAKd5piC:3mNmdVzXdbO:LGkPKpQM
300	User_300	:T83kSgMsdFvlvnH  kC;lUq17KRgrrTq,ZJ97lKvxGOMR8;QcYO abRTcs:2om9eb Jlw8Vu;;u0ngLIAZ8QWT:kgd822gQo6W1
301	User_301	GbtjTEsQGyZ6bz6O3MIZUgHBcQD5raG9peDtwbJLwxZp yd1C,pAnTwtyiLi4Xsm6xiWbzcZDWDZ3ntmcA,ME:G3WzsY6w,fX3pk
302	User_302	8 gASPRHFADa5j0htlt;UQjem,IN5YBbnyvD7f;WbAzgOAdHeUi5BYegeJyT1f3oNj2C5rZ:nlvCIeSiw2lBKt:Ir8.YFb57v:hV
303	User_303	PuKksKj,XuAtEUTjVA 8DehsABawylJrXTHHm.wFkFCY;zTl0EJBXjcSzY 9cLjQ;s85Wm4tV82TqdC7o;x0rFVTsDts;y5m.7Rg
304	User_304	k3aDtdaI.1zldLu2vbqf3Tq9YQN6tzQTo7WOEr5kwnDPkRhUgE7u0Qfbau0 tpoKs,8DKp3c7ZXvV05eR9.x36uLZ8w;2t,Jj,;L
305	User_305	o.UVmLO:MYq3yrbFFUAvgVlnug1jecuDlQ;Yd1.bepIdZOjHcvObgQ.iAXqbUiPayGPzm U K.KR0gnCiEM4K.Uqa.Um7O6ADmkt
306	User_306	alkdkr1;SlX7oDy,5;Bqd QzC6MzWG Fc8PY9.5wZednV,g:gvz,Fu6e8nKfixUyRQ77p7wcYpEcA830N,cZ2zrznKlQe;fM;rA2
307	User_307	ZDYpxFpZXUY.Nnmor2MI1IN4uDyrdY7woqQoZ8qkxQRYR4b6Sv,Vxt ri.TshJI:wcgsjYtWF6O11AhR4Zw;2PCw,6CukRm8APtz
308	User_308	 ohc2TqP,Zanc:Mr6mZe.XrLvIK7Q8Y,5;AY;b,gBrcxfs6telHWcg.DDq f Xz;xtOfU.sak0gDXQYJirkIpDapfrdv7LrgVqe5
309	User_309	jeqskQtxl0WrTvSBc pE:ptz9W;n0ZVyo;WsDaNOgTyX::UCu,hxAcMVBtcsFqRtV TXZw.xf7MWbb0y:2G8JCd0GTxq92PHuS5W
310	User_310	bPR5M6llVU YQvx9gIc893LxmkwLf4kK:8a1fFxtK:667iVXx853VWn3 llw97iEpMQFBPyLXb8:2;ip73oW.o3vdEh8nXXdvYGf
311	User_311	BMZm9Xi5W nLDH29d.1wTpTcss4GLzduySpVlPGGqjZ0,PjVLSkzT6:hQJ1Cs:r1s02O2SvyW1,I15a2dltaLJrI gGOPmL7;Vob
312	User_312	TdYXc.ed80Pkiftmj0H5SQ2,jTcFdEmir;uVdDrsdt6F9L1RDfnwCgzfZUPAjw7lRfd.Mvpghoi4oSwCoNdZFFe8YyE;XWNerhk4
313	User_313	QtNf.78LO3f9HqyNdnfvv0tOmZ6hlACgjWde783urZh9lu10zSeNwMDOOvIqahiVcjw7Ynf7vBg9ivYXfBZ,hoj7MEqjwmTYfI47
314	User_314	KxV;9UqS0ny2P3xUQWNMhkYHLIkBVEQigZTxB1Nd1vHcSqgcMQX1707K.s0kQZ:jIUse,MA1.XUO:v0GCp0fOxTZlZZ,qAtkICFy
315	User_315	Jxv9jEfQt2uUpGDdN2Fj NCabsn:Jtn3yKko.DeWpBoXD f6M;U9d;bcU5IA4WINcvI3PFcBsDJeDntPql8:HRwbaqlLPp5FZ84.
316	User_316	j7DjssjIyDamNKsIVDuU1;jsIKv1eXBUzyDpFHqF67PvpD.BQKE8z3QPZ4QeblRJT;Ecdkrpq3cf.UN:qFYXdpmxiOfUUezhauMI
317	User_317	wl.bCn13;gyWaYxtnT5C.lj3LN;cidukjiaQc1Boyz:qv;2dMkOQaTfM5;1CJQDM3BFxVFHQiHGtUujTZ3 dCaGsI0,6RP:BvJRi
318	User_318	5stizU4Ur4JZeVFI9UnnCBt:V D bSj5WngCdmaBR2ZatD6ZoWHI1o1wI2;D3qf3ugP9Xj2K qo1AHHNYptve8RdGIILcMtSDCsX
319	User_319	UVnGyBQBOjjOju;9akV9V:9LV3 2JZ4BoUo9sb6VjYnjUk6SrUs4nlvXPSDrt:QPmBPy :0eUQM1AdysF28;lpg06Owp4MSehwmb
320	User_320	NkeMGomiBLE EjefOmuiM3vmXD3tLGGiU3o3I9F4c5K4KJ,yTo4;o2N,6skVoDHkLSjU0D6jt1bncPsy:gtLGkbzhANFhLvm5 G;
321	User_321	To xxdh:BnE5.isiO;RCQEj8eBFR4A3;73WbWANT6VmoNUefFcXyS91rn.UPonIF6TJVS32O4Jg0xm5n3W:DS63fFwifP0;ofyLu
322	User_322	Kfb7ptAEXR M.5m2h.XBm q1,Ay,t0Ga5 t::WmHZJxq6VmVNFJgIiP5.TTzUJT xZHTZAgBEmEaCbtD  p8gE6rwMhGS8,XxA7R
323	User_323	64DpIDv5uiscRxSARo4aMS09jEFB:i6p,RLi9A.ciiL1ecnmmvSD5zVfaTkcTKMrUA;qSIMg0 N8EQ.bvod;4bknG.OV8Oz0wHa3
324	User_324	xdD1m7nQndKfVa84K;A0a5TuhU0qnJpZLcMVNj,VWq7SE.iqys6kCQ,zlo.PFNV iqM9B7ZADkvCmZ445:dOPOpJax.Fce8Jj14 
325	User_325	nKMSYcy3ksgwSq2O8nKlYXyD2uCXHES2FoI,kPGfYF5GlcK9CBgTyp8V;2spmST,qh u8V1AY5aY54hFYkKTyt,u0lvL4G6GW1ep
326	User_326	o33tY0aqNMcBpQ7U61O4b4tGGNtQ.:xJU:2wkID7C0gvHQsQQnN3u5oe 1HG Mjk8 8WtbbxWG5;UGwgkCC3I,,HG3xzuIvMuq9K
327	User_327	4 6Ory448i2Eq7qT2ZlKcbY20ZEKjf2kRDJyJ5:KKYDrxLbiy.4d0KSiXr1xf 4Lzp,v9RyDUxcMdq0 tYlMM6Ryjb:qlI EdEn9
328	User_328	KIno :BmFoygnWE;Q3555 s8U7dAXvp,7rr:xrlwm,,W:aKZJ4W2dkHxhQJLT7r wCFCnPmMi1.ug IWIEfE:IXUSOpP9lRQ6q:g
329	User_329	IB9rm7Akw,WvcY:hwjy m7r;C0 MXbufPHZToQLfSnWXV8, ,32ZYf5s mg9r8mmljFkKCo:O3G0JXRg6FpJ5x7Um.78XWgdrkjV
330	User_330	Dwgs E,AqqpD7g1HSe:trh7bzp5,vz:nl33;LQP1xWZC1S7cDw9n4fCOEOv;0LK7FNGEYIBTnxDc2Xf8ljoqQeVl6TQS0bBV,7hl
331	User_331	oQbgyM4z9OwUbh0b6ZWYVdOtS5tqSZoLUhv1qKlYNt89AU5B5XV5hsz73s;jwx6aiGphYJqFNJF0cnTUbqBasRtEeA51fXzFF2Gy
332	User_332	2E6xotc,w;AC1sXO3cmjzkSyVKclHzV2uAjo;RDMp5VywHL71FpUxnKqbIljub;z4xlvxgwV6PQqE8W;7UCpTD,NV mG8vVCKVRt
333	User_333	3EINHFESTs;DYGS7P7YijIYNWoEyppOBI,8ZpyKw7.gKFFdnRbFH9qk:iR ceWrlvp5EJjodAarEECsbk;jV3x2y9TxsTDLxg0Qf
334	User_334	Y:776av2zRgZ2l6svS:,P7N68EkcTVuT6:qnNvEqQ8v3fbvnmXu8mZU0hfOAq2ealg;RghC9.Ugxov4f9izRty7SEbDOaHzaJrkU
335	User_335	st jtT3r. 46a6.r5B0pwC2,cqL,uc522VrFFt3A4tydxDdXd.QhV5wh,nPBxG8e8xtZWicyFIftzX5nmldTlo2rI r:fFyWuN.J
336	User_336	iuhExYgPuKPsYQuy.TD2ByvQy,CKe3PIpnQ86GzO r,o:fIqXwyykdkYN1NcnGoN1 FGPaxEHdy,GixG VvAzWpGa2JILmH:DI93
337	User_337	GV:jmr,M6JIkz.jsJjN5q9.GH0oBgbxLtX9cm7ZLKXug;vN4onW,ln4D 1.WzY0DpT14wFa4vv26OWynFQwgLWxT8PjPPbID CPo
338	User_338	4s.iIPfI7q :fWy7V6ZRtLCF0M,OP0VWM,eWuKcJCw7bRzgqVhrS0Mhig7;yFXgbAdGXkML.y5.SHwF;G4X1 j3omLe pxZ KlwM
339	User_339	aLTVQpwKV3KoI7ozIgW.44jaubhk,xF7Ra1g263rjg0lC.7QdsdKCKAYduf6.cQX1yJG RROs3xrQUX4Fv0xTd,au3,Xf:SXbPpS
340	User_340	fjs1SiJL7kNum.0oqM85 4iC,uHLnfYc.Hjasg2iZgLOx obFsoylU0q73u1:ao7lbDZGxQ53dFNfCguizZSLcVMqJG1tuKhA;4H
341	User_341	qmrkjClVsHlcgQ,UJXIh:x,TsZRRBQoMri4TUMU25.DD1L6wfuqS:uSZgNis9Pfn6B1ZMM;gSN8GlwjVLEmqUhHof0BhS:2Tjrn,
342	User_342	UrWix5GCdZ8nAAjLAWwahvouuC7ybjR8kpZfsD2lobCxMbwSsDIvfZqzeIuifmgHP.hj5C9CQF; HV04 z11,1aeTWGOmVJtn7yH
343	User_343	UY3X01ssxg5p,knzPF0IkE7RMNjySW,Ym7IfV6z.hgy9rD.WJb9:VkqGzooJgYuTW Lzn1UMEHNvkrltsMoaAb,de,Gipm2Ln21E
344	User_344	OEllOREVjPQ,YukvbUAvEI5O31IKz4sFgcD.000HGzB;5xqAVf6zv1B1;yHvpI8UV2eKpYA8VhF4S.:f,kcE04JHjZMvr68SjgTs
345	User_345	782vQYaxoZrlgLOzsRBmP2IiUcQTy7DrpQlOf7P1djT1l;eJbOrI ogjk4w.1dHBGhT5.5zEPJB73FNHuTcYyspuiv.H4U7DmnAh
346	User_346	fiaH063GcXf dE,NN21Y0F;DbCE6j9SaD9IY;kI3:6DK2DudNhh6Ti,J:6NRadNCWT,ybUFxXNVod:T.FsJ39f27IjWyATBFL0RX
347	User_347	c,T3dNk;XvV0Nw5yENpbgQIas3 CDGwk9sz4zvKdf0LR lIq4SkuqtJJMNXRXz9H5WDdWyT.7FRUGM,dnTTpo2cEx..R;CIkygYV
348	User_348	:jRCl6xXVvql74stn4b4WTck1PFe2S:NCgZ.VRQEf0YUvahLsLg,Vx7hjKt431D8HMW,LKQ.dbGe6j,W0mEyEYRVaZ4d4PyPliW3
349	User_349	qXzP7rMv6rAZTL.;aEDVfUpgQ334;OBoaboXymLtiv3wnT8anoxLr237Jx6,QY.eEydWXUH5FVz5H6 o8;h4n20:yu,pOuSEil8M
350	User_350	wmR10Qr03hKgkEH1AjHf5uo.Cvod4e,1,lU5dWYiqz.XIVbCwXmGsR6Oky5risSI71oYJgwhmQYzO: pUShm5j;vWbwLWSX QNfG
351	User_351	oOKE77g19TyJuJgM6 BMUhV.ScCp8iLvdntC9.i8WRxDYd A8cVjr:bFHPpfirpCHGo;1QxIwrJlNfc3GHDks.ateO,2e9qd;9nD
352	User_352	bYdwKpJ;jdrmiHkBfrIjV.PxWCxlN7iRtE3bg3lxc6DYFva0eWYrWJm8HaNsa8l:Xqt40yCIqkdFUbJcvs5msyrq84oOY43l0HM3
353	User_353	epjPmKOS 2OzFvlH;oSwiyeWfDv6AdI0xagxJ1g2N7Kx8kE7h7V;GE5;WD2j,uUnQC7Q6R6d RYSBs2vIfMHWvhELgGr4vX4amr3
354	User_354	T9icjpUJsNf NDDE5Bb9R7Se4ZLF1E,cUvcrwvgKFHwmT,JFezh6 auGWZ4wEBAu,tL65b8XXUR,2Kg9VmsnXO0AVU4ehqKZnD1:
355	User_355	yA:;3:FryED2B0NI.X4SK4Yln,ws.A;onUQ. 0LR;twD2rkpAugtI,4y.WEm1G0F,VW2DTPMaYIVimKOUGu8baub1nEw6aPtKIU3
356	User_356	rG4FcmCzumws E;ugW rpec2N2gDYA3lrNZFDVGy3jDV2SleOXGf74uXrJdcrJuqi:ANm074SXIln,wCPly3o2C4T5z7PiqKJD6A
357	User_357	D.6:cs3Uyoq qnhElfN.cfC2Gb4eO3uZNRWB:szDX,aaqwsd26L;zuyC;LJ,DQ7.y.gI:0oEkPpKC5SBtvKSeo ,4Lj0fSYaDQj8
358	User_358	GWRVz,Xp7:fXWUAm7YXfj pp.ScS60v4uideItjD2EVZVlc77Lzr;Y9P0WZ.jLm3j81TnEI1cVuHgplaxXb6mDEa21MB14CSj6Tj
359	User_359	N7V,BN,8475pXPR2ZlOyC5xqaW0Uqy ;7p7JOuBPHQbr9sE;o4LeiJyk8Yh4Et1a1nps35s2czFXq6iPJRFkP9duJCCOOm82OeFw
360	User_360	0Ay82,k2fTzj5RnDCM7Lt gT1EDL0y Elu7ed4TQ3nUOllodF2Tht,Qf5M HFB0TGEh,BJ.K6co;WKUL0DFSBC6Ik:GIi2Os48dD
361	User_361	7RqT,LcuCkzGH uq3fSgEdehz6VR,o7ilAOms:mvzhpgn.IBXsLsl7.6pVDwHaaF o,EaeC2O;8icWfNzTx8QZsBZhR5kKigUafM
362	User_362	 T4Mj5EsaAD0,Wy2lFnVv0BUvvI3jCYtG57gzXwTsmZHFP6:46RCluy5TMOgrbrx2wb9rSDEvNHj .ePvPt4NNX0Pr9EhOwo D0t
363	User_363	3hETSZYECuhzOILGdSY,l6dUsVM5.rTIrv5T8.1BgbYUU4,j:SKuM1Pv6Y: osGBoluVECZUYc;1Khix0Yg1gcKS,kNKIx:G9nwo
364	User_364	NbjX1J;qEt:X9.tVEPUbz:6:Od:MkLu38BCqFmiACUQUVUVuHgbgvNoO.2u,vciZ,7x8HgcISTwZgWx,RRBofLlA9R:ssvnbKnqW
365	User_365	vdz,puCAnh4oA,QXI4A82DzYbev;OPQI4cUb5Jf:EnC7xjR9.n3:G6TB5HEGyKbgfHYN6j9S17dawHIJpn;aSLJSEh2Nm m aY.J
366	User_366	Rgnr5yRPiWf1HIBqdbIZq7MaUdF0.tVGfKOh822:uLeWQeCKS0McM8L:CkGKU7G2Ja,ZpH.OkFTOd2Kgn.i..TZDXAap8ZGX2XTg
367	User_367	pCd6jUZZ;lKp,lmFi6HxRhkRtKNlfnj0SZxss:uchzp;oXNRvzGD:XqL5Y4lh 9,6azc0CNxjtzQtdsNhWereS8Gi0rYORDOagui
368	User_368	DcHqs7Xb3tFOwCe25oaLe2uj4lEqY3i2 9;nI3n5KDvTrZkh.ugMX3Uol:w.dR:tvaR7H.3 oWoxfx:pYa2 k2WJ4,TulutB6wr2
369	User_369	YhyH.TjJyED9JM5HxkWJn,6cYFhZJQ3F0FE,:Y04IC1gHugqCYxD0Jj,svmcjTuoVsmqB96T5J3YtM KgmjNzSUQ53iO2xQnRM92
370	User_370	N0PW3qHCQ Sj5sGj,q.LVAEpv:6W;kSG8pNGUvsfLidcVeuTt5TFpLmOwzDiRyEms0umpR5Ys,DXbIOXn1euVWCmgMu:6a PNiBL
371	User_371	s45FSqRpX:uGdnByocG wi7FVjfUlTbMNbJjvdZDgUAEzC;oaBfxvSxPY0Q2TwHP55iKzDG28FU.M:Q9Cr4IRdrWAAJJYm246D4h
372	User_372	RUmSE5qWl5d5xa3aD8pdsf 0PNgAk5CL3NVd9EubsBaL;uIPPuVAmOZ81.G7vhyTqrIDMv;xEZasjsQ8O2S:2CqfHq2o4  6Zbdc
373	User_373	NoafaUDoguO9HIIvfxmlQ,9wgsE gwnMvGp5p86.owLg:oBd7k73mLeiLH8YVBRReKM6;vjNHfnv0648wl1FHNpu0sQMWIZtxqDw
374	User_374	DHlmll5me.nyIj:A8Njq80o1tYZbdxcX7N7Vtigjm xVmaKalgR5tzrIfn2STw,Q;0e;bnytUEjjFC4zud:;TD,sOUFCONqv93aJ
375	User_375	A8rAgfNk3kON93updBdNaP1:R4mtN3fsJfQf64RUL42YmiuCBgqpPUMR0ZvmT6dp2;zCElx.QDQOo3R7P95jr2ey;hjyEz;6C2Mq
376	User_376	1pI60GM; MJmnfWGGH4H0vI7dqpOSQo00w2WIVnPCBb5XGKUNY3KF68Xtq.ehmsfM Sd9EcB 7CrR6Qcv1R:4cSI2pb,JWiDNE46
377	User_377	Gomedxzh9CHHJ5R,PKw6UMJ93jE:FRFYMrvvnVN.xZPNwJ2lYAt1fK pkc.kqpyRm0aT9Z:iew7h MKMZGlfy6fUzjPHRJFC9bbF
378	User_378	boeWrt6sbe0BsgJbBUmQTJ1LuphW9vp8OwSh,1Ds4ooYCzDBmXAn,nX XGPR.qFaigGJ0udnD3h:LpemIV4IimaXmTKb5Wow:mtr
379	User_379	qjOd44vzbRbY:XdLoRLwOASIxnvHYO5pxAuwMPAUTw0DAk;Lkwn4f4FEh7A,uUjWKmVazjLO9M6Bv.SL1G8,xVjDtIYV4Mwn Gw7
380	User_380	aESueElo2Xb5d0OuRok5Yo8cvPH8njduBzeV7p0aAbb.FfE00zeYORAbYd7G0un,KoYUJaxLhH.Yh,i6jLZWEiZWAIxEK tVAu1t
381	User_381	3gIs1CfLfu3UaGn4 y;E.Dttlu2lMQ;3JZ3CkLSjUT;.NpC;svJiDFXZ.w4HvY2av,V3QFNvtrpRknkRyeCAcLyNDgD2jA,KPRyz
382	User_382	oPuS2r5hiF3ynX,VUTikW4Z;DXNvBNt3PMoQ:rmPrf4iwq97J7RUJuZ:5hW4KZfbKydcOKrpX4agerZrZH78hE8Fa2k.q76YxQTo
383	User_383	EJP4XvQQYW7YIpm8sA.PH7 fANYP0nSvccS5XI9,x12UkxcrJMZi5dIX5cXRofQEtiR5U5utq7s9ud9H,o1xcBwCGWf9EDFo38Rw
384	User_384	,HMtl1vxszv238NgGdcCT0N.e0Pr5mYtmnxSvm5glJQMdz:Yz;uwDWvVr77DZ,kszQ1ws73;vDCeNJ8Bwt6.;m1Ao8C8uc0.7lyT
385	User_385	H ng80dshtR0XGh 1a3UAKWubQ91:Jw9GM:263XeORsN sLfWKdqs BwRH.F.Lf4yFvEH5P6x WcVRkF2avlbidYn2RONF3gqJBh
386	User_386	:h.SX RNbvZ7wXlN68BBqCv8vlI3uhyROjVV2ELiv0kt2DO4KByv6uw3ZOlUGE;1dCyQrkyclVkfsx3L2edjKSoTp4jX0zLGQ6yt
387	User_387	C3KwhoX3a2lDWQ:6Gk6.d5WOY.bfKpssAHr8d73OCUCQHSgm:8va4N:O2xnNUXKLOk,UebvsrdH;jLWuZNPNjWUePhf..0PpPFbK
388	User_388	d.;.LtG3xA8WFHE7gWDwdj tZB3vWoPU:1Pw2kd1F3.JWaD6QpMfd1dYkD;ZpC P8cdLm,Xp s0jiRxG b.DVVKKwncmmdHO5j4t
389	User_389	JEB3VRU3;eMp;94wX9h4MnPSaQfuULbNB ctSBIkVgNTJ8SON,yrwlwvXuH,x8w5,kF6RUo4B Pb5QUOK8Z6KvrSq0sHtmooNw3B
390	User_390	,grKdrcWkrQhs0s:bL;NT759 , KDZ,faznkLnk2JqN;SZ7eVqVj:quPSSARiV9s1rIPa5TXakr5jtc: zCzax.4gq5XS8 Cvv5u
391	User_391	vawnFJV4bGoUUl7.2ETl.7oGmPzPjoXn5CO5ozed9ZS68n4X8oVgxClHOTO;jd3mm:3K.kcM xML;BDnqezNJjTcprSVgjVe5F2X
392	User_392	fH1HRfGq nh2cDmoMlLnjyNaLf3oMU.vx0TtcnKK,dnWyeWgf,WPGaJm2o0d16QEdmM3e,sipgpztUMVgDqEy1:K,PeEtFEH8WMd
393	User_393	9VZYGXtk;iXmBhcAA0gOVnI3YLNUrGkoHveIOcmuWxa973V6gPOCF4QGVsO4b5txcRq 8K :krMDDiX AFKRZ:0OKaPsoTHsWONf
394	User_394	,6c0wV0VVfMNTyZnNhmCc.SaRFmi9ygCkFa53ZfK2bXpp:5Im w3yUIDX5XGxJfUPVWPIUWP6NcrczbncrX9;zwuHtDW8M UGznQ
395	User_395	R6Y8HpW ywhmDVKi4hJ9Akf,e;GVai3NvUZ217Cs0FOhZakprQ4X,4VsCIwy8kNNRZ.ZPOBEfKI39e08z5qu7AtmgAsoJd yqI9y
396	User_396	Bkr2Myzbv:o2wWV48Mzxi7pOa8KRv58uBabiNg1imA.5H5:X9C3Ty2aLctFsULeAp7BCeig1A3d,Ba9i6U0Bh6yNVVAN9iIwP.Kf
397	User_397	qgahPplrBIFkm1P sUxGfKj0wp8eNNhUbZ9UwGFUJPjmDg;Ir2fJGrsC:KIMFi ux4lGHwo aOG2E5zwMQU4utRQNZNRMLOj:zcn
398	User_398	EoM9R3DObKcLLdMWk,  3nWVvIpySHJ3fyFXW9jVzwVaElx74nzoz;XJ287K2:eCDSR IEGtzYf30VMbVtHixM9333RiIdt;FdIK
399	User_399	hs2t kSZ74EyIsmR9p7E4L2TUtb:ubAExv6 7mkE728NpoghPNtAkk68jUlAR3WE1f9;eQ8:B,,R6iD.;rsB7R0 ep8;QqX2bxNW
400	User_400	aibEdU,pAMABstF8,aU,nj6e53hs:.WW;AM3M40359W,1,NkTE8lRGeOfKXhJcHhxIHMeQpGleA 5SDgIBNwhWb5HfcDlpZ,oWRc
401	User_401	GBA,ydMCaqyprADpeq5AIv6iihNB1fQtH6DZXzgIvCWhdPo uDpyg2hg6xUECm AudR10.;Kcw45a,AcwUzsjX3vYU5nsrWLQDhk
402	User_402	uOWdmQNdiU5LD34n jSFHYBB,.2trPnU,Xpz7zAzV62tL1MMR7usDdAX.hedG4 WPt;d;GkQ4ZosJ0dnFH268UaV,Oh3f9QCs0EV
403	User_403	Zvh lslJXY1XJ:rVUwZe.Co6uR2,R2BrLowJ2f8Wi sj6;XDjM:IYMrAghiXeg7pOnNzcNyA0XMun9N;U76Go0,vNL,dt:nw3otG
404	User_404	fVSJ,C:uYtouIYVJIb18Y7y;zfxX6,Upz2HH.tSp8Fsrf7c2UVOLXaJKLt;AZIMOgOHZAXOxOr7RMu.uqReKLZPtjYKcSBv9u.Hd
405	User_405	O,JzXkVC8IumZT9BpUjH Xe6Tp;kuui6UdXM4AprJr:IZ9h.n3M3QvPl58QiHUjnT0VGHiGAH0pgQc18QiAvE4gUgiYWqVjZ3:xg
406	User_406	q5cHCSpjyrcy6p oA Feia6;V8v;nZpr06bDstcleP R.s31V8tBOLWl3cDfhPZsqFKZGQQ9kS,WdlADF,dmiuDV5IUsDjt8hx9T
407	User_407	e3:SxFmEPBNd;dfh,be:AoF:6,rbljm200CeNbnjX16PZ24cquhmt,9wGye8jMgydovY1ECihM;6,dCcUN9i03UvllJgtqqUltDG
408	User_408	gPZeLbA9; hd.,BMgSG;LE4sbsE31EdtKVX;Wrrpx zV0V2nVo72QcO4G:xyfVwLohxseYI8f.CN8SrswY:GVL0WLj1Cb aq1FYw
409	User_409	ztTK2CM785HMfYnQ7vuEc7MG0YT8f4pfgXBXPEP02OL1foqnr.LHnfLy rvN3N39LBP;F, 3VqnI5m7ztLEnPavfrHSmqiVcfue1
410	User_410	ykff . k7SOz9bFXgPjsLEibjR8oU7f2qj0TYIJzaR opZfuF7fMiqFRDQPNklCYtIvgGJO17Vx,nLBaJX:1.UCzU5WlUwNL8JnD
411	User_411	g62QbsASgOMMhv7KWeMGiIfEyh0ntI9SgPTyny7Kq1Hy 0drhmfVg6y7CJt;l9YLTnsiEz,DAnY Nt3;7:2qOYyHfDQhhLh:t0Ul
412	User_412	RKFe.M6XCat;OI;rNJk1dzgAf4kF0iJk09N1JJ.AjMR0QGWeyyAX:jWy2BBaFG3GYo5YbyERx xDK4HNFk3thyhoHesBoumw8on5
413	User_413	6T1YSpgCNboX:nRnfRD,Iu.kR,2N3vJfLlUmWYFGtr;EvIyuuaaQLehUiWq9RunhM2psgzH5x.xobGSACIBkmfN lnifE iD37DI
414	User_414	XjX4BExdlmbUsSBWOzNXDTQ3yr6vZX:ln5wR:AaWxUIQWAUjE;I.DD:a0KyTOaAz87kRM5O8b8PCrsG40W1VLMJZ1xL4JlLq;;11
415	User_415	aFLohL5Br Qu0vQTbo5OlMy04J8LQ9ypbdyisLwEkAwUwLnqwzcAyEHpW3vGujFCjiNJyDaGdv mBXT.C4mvMTODK1Z,0KctOSRK
416	User_416	84vn3QwkGIiORYuoRi,SmfeiOugNqf1suhrSq:QLxe2bKz 3hTgH2WvbwLDyXEFfWZ4BUk x4z1KIDBytG8MshT8OOcIC11BXvhU
417	User_417	Mwj0ZOU,R3Yjxb616sJNF1IjNnCRvxu,hnJZTw5MRciwXA77aaKiGAMPsT4P:cGqiuLZcUE:IcNZLID6tpMqdo53F;0cLe0WLaNw
418	User_418	n;n75i0;8mhwbHXbyJ9DShNQLu.PJvZ01u3oUFe76B4OY3;nIhgRrz T59N Fmj7 ,Oi.JhFZdXEofHLrezr6PYfuP5WIao2KkGt
419	User_419	.uLzYsC7x9RziJ,Rv.XbBphOJ UX9rfIw7zzvuTt5TDyNaGOpD6llmyJnhIuubjUF5Xb50X8XLpWxDo7iFzoH84Uzx7TL39:4;vU
420	User_420	l2O6R.pWC.N;FbOKw1q,Fbh3SeWKErGm.BZdzcx60sfp6d9IOz,Xbe8:wWFZ3dAGifAo3oHeSBtf6oYPszn:uzh5jw,I.VYK29JP
421	User_421	UxIUCuU4k;AhpyatLI.lTmMtsilr Ay7cj6o,nRiAGN6zRMmWf;Ec3aohOIF5gjVyFMWVk0dReDTXujscqg6i35Pq1S9Cg0Jfzbf
422	User_422	bms4o4iufi 5fqmWkpmKut3FJ0K,61wO PV9R59TlTEUYAxJFx3WLbsjtfB1RMsamWKW4FTtkdJwPDVXvw8se2avT:ubZi64D,s8
423	User_423	1B5ibs1s0.l8K3ZzNUwdmcGBb7QRMx4TR7YqpOSRWod2JkLPBuw;KYEYMY5unoLRiV,TE:FSz5dD;ZA5BE;n;gVRizPeE;x,p2oo
424	User_424	7oqb5I7COH7CtEZFJIYHCwiAKcFLxczL51Dm1trsPc qXZ0Le7iNkOp3r;12EID26ThVPy.orBSFs;7OOT5DNsbRG18AAHC4xSak
425	User_425	5EaceqgVzUTF888u eDFPajS9K3Df,Ul6vp26L,67iuKAJtcPWK0wHI3BM4OyeTrVoAKYJ9oS5OR0Dke.2S4yNspe,n12FblYS z
426	User_426	oUrzK:HY;lAXVF54Ur7dBmOlLUuaozMoqvfd.ZmG4hn5kdF12JbNCTbjTyTIJNcimK7JE6:7bBwqt3J;;73aPjPZtx2otK5QPP r
427	User_427	pX2NPC9 FgqoY0VXwt4GU,y5j5es:JHMNIM90Jxv5V4tcZBLBGAYQVXuKKKotRhcoonr5.E8hZ8wiYwxhXaCZvHLV7vXAPzu,NFI
428	User_428	yFFIV0ovhU0v8wK62AevRqNxUHVCbfZ7vk2bvH s1;Zc8,LW0ceIrgqYa0AK6fe,v9Af. O3thQzI8HbvOc vsZbemc37,G1hbU 
429	User_429	Vt.CmSanR8PKipFNCm0hAYVA.y0SWZSeRqRs;0HkoFSTh0LBPxfP tixpZAmExHTbMy,zDIxeXGImJmQ932RLaxZ6lmYEFul0QcN
430	User_430	A 2bCUKz:0jxom:3XXRAMpHLqEUGlWkBD42hxi;Fnk8mOwkqeVJkOr1RyQqLsuXFe. KQ 9: XkCRLauRq852fLsabztlpcpvm0R
431	User_431	umwyly02kag7C7ygxp:Y1hN3XWfB AwPX;EFAH2OFny5xRc.KBqZ aumFTvWmABqEL5oaCvYiZntf1YCj0O675.Z8wO69FuYO,k7
432	User_432	yjPpBm:TBGO77JinrsFyfAyMkxmB5pMMMnpyjBMI38MTm:VHroJVzHuGwfrGWsQMiC33FBFAY2CMTAMwfbBgsxFAPSNk1rmeakiC
433	User_433	2vINioTwH1Mz:d4x5uoB5c3Zxv,8Z2NFc8xgL8DraqzU QRrxKxaiAXENmW,wKwE9ZmV7st0SQR3ycMDcHwR4lSY4uX.ywWedV.b
434	User_434	wDg6Vh;T.Dwtv.r7PIW.vSizd9bYTRYYzFgNeLrslAz3PpTxkpVjq8WyFguXktuv.:BeWs1e3luhD7:pyVEXEQkd7keHU:toBuCP
435	User_435	:2fPtjjYoIXQQd4UYOu q7PIWqRSaCUd36gx Y3aJmr2ReVD18Yz bfJLxQG13b ivkzG8:4S0XdLIwTOTKBTimiUhQKqzBoqxor
436	User_436	fN2Ke1hfk;SwGUefJX9DSNCVliL;lfYJl7eKyiXHWdjv;yUe,:Z0bb70ozbLV:0.cMVCVTV8FR6G1:yUmo.ajuEB0Py0yupPgR3,
437	User_437	qYAfVw65hDKCR8QMWZ8OTfBxOVb,VCX2ORX.NnO9QT0CNdOq,,IZtli6j3VFJmnUEj;,9q;qZwnB7mY, AdnIDPcpUK.fuFbb.Z,
438	User_438	oxMtLTFyYD,MA.z:ic5JC.KiSyLyLBxm4Dd:b2yt0ERXVkUnk2hb78Q9mUeZPwO;GmNCoO5n8CXd55It1B ,GlYzRLqn0E.CQkOq
439	User_439	 ;7JU;eF4L4mYd.6fXq8FoDv:or2edFzigUZLPiMrcq1jSvSqr5WBNe3QBtme5W,DIrZVXXJ1r,L4t9GBYuAvL:fTLINAO7wYxd2
440	User_440	VlfXHk3HCyfCAOrimds2KgR3qcULuGgqV ONNxr28JExC8DhkEIokb:M1nyKwMUQXHelK4r2wrcQ3E;70,tCpUl2lOjfNf85 5CG
441	User_441	tAaGsqNQ2fdXAbQLE.Wv6v5hMh99zFj;hGmQuzXMfebpV0DSCbZbXWews1DJXgsmFfBCDYE aX,WwMxueXDbtLAza5 YM,m61:93
442	User_442	mHn8t8VU724FgBBwnIfzwShiA8Y AL6vlX 62mth8 sRgE5f2gHnx;N.YnKCIcC54rvpuZJUQp8ji2IZmEoKzq4LW4v6X8OqhWOl
443	User_443	rQVXlus D;dnNy2hwBkL6F3QbxIAlPjnTVsACNwHPcQiRAj;3WhceSMwRLLnQ.pkoRf;Wkh 9m:OMObt6EA:L8qeT6oh aouLpf,
444	User_444	;NhwCkuXw1g,NTlkxBewCRm06o:MTmsn6BaupLJv.Ex8nlRAFbr5u:uI131 9498v,; IG:TSyBQh2sHNyLW09x1DCOIrsyTBVxF
445	User_445	4,YM4Sh9wS FX, u8bcM OfiBSAoy.vVpNo:rao5CoiQUfJhc1ADA7JSb1Io7x,yAOSbuYqTa MKdghAeLUnRE.qa:Ph,ZZm6tVJ
446	User_446	yG,Ou6PHgr4JzsB,:,8aueqn85cpTNGP20bip5E 5cVc8GtwC:eLbYqVIr3;i3x820W6Q;tTujPC.WrMo6Rh92:G;wVXqoFv::Hc
447	User_447	LlD82eJw  Dy5tXuOiG:NNYKYKTPbbrGOvsXX0tTYe5r 7SA1 91cp3AlSvY,:en8;GVWcWHsq,CSSt328ijYCwU6.B ,28AnanL
448	User_448	P2Kem4sVPkC34,5:j7VjD1MenDMbnMFobg.xvL5IUetSCSGQKV;yqTIbPg6D5v8,0Sgwpu57xvAbsACF8fLrMvYShcqcMSomcfD2
449	User_449	ypTzEeyXRZa.rCta9WxQEQ2aR9S,45;D1Ndu,URA6SkA3KEzCfN3H.XVFU20aeDuEvUUbz3yl.aQnQ8ThQTV5On DmRJ6:JOpdVU
450	User_450	CoRquPIlbdpdQTd8S3tncc;Qi5f5wMX3x0GjjOaarTP9UyWiB6B7UZ.PO8pE3Nq8GVQDEcw06inLFaKsb8n,.lbPXuBG2X.h:4j6
451	User_451	2iI NZnvoWo9gz;eKg9PVnXEt;je7RLqUAPQOxka7dcmmVf2B::Y;lkiW;Aa:PKvTJ,rUwlGt5Yg7dZEN1fFAI9wpb6qx:QPTHTJ
452	User_452	7.STeUzgmGCqfg9mm5mfhrh:WdugGgAOMEGEMvmm5nsaaK;yDEyjzsF86C7.9KhkhAUQli2GhQlck0yau9E6JJ0eMV9KTDORgOUh
453	User_453	zo.9B.xj95IUHTQh98CQ3cWsCksSL7qOuPLRiBpy;PCHTvenkg4u7cirmpITzcSaElOuB 1r86b1dF2zZfA5dO;PO6F 7zGh5LRb
454	User_454	08bmpyt;HNS5dVgf4YUmoQuaH.1pufVek5n9H I,SeQnAzSkOxeDqsNql:x1koli3oU.2gyYv8dMz6,0ImE6Ie9F:2iw5YX;ycWD
455	User_455	JEJOTEd6rQE.b68fy1UBO8: .t1UN.iNogfxV5KuFmx ;z nW9Cid;BWLcB.3B,5CYBlvAXk9.q6a6LMMK:.hVBhP2rqe77Fkm5A
456	User_456	pkd3asnpzWxApV10oT9t9OpV3Q:S9eR41ztJ4Q8P,bA2RkVKBGM:.yUKjQZqakx.oZrWuQWp646Ub25h2c9inOFgFe6Krvz7Qz75
457	User_457	rZMamSXNocUuN:id7yVDjwnJoplai:FMKsdekBq,7pFchaOL3X IKV01M66.8UxwsaKQGaemvPK Pi0ObrIMcVREaBK4L9xc1A1a
458	User_458	wjcTjGTy1dn8jd6 Kb9NejEovW7xWtucLbs;SqGNvTPojJ,7CWxQBxDkutx5R6swg.xlzp:js;z76H wE.kC2npA:bJ7O6wZ:;b.
459	User_459	3SEzCNv9IDb.51xZ6M8,G;55z4szRnhJgdQC1l.2oYsEqlX:A.e3o.2z1AkbPePLiV5VmlZRo9:jew,Pw:YwKUwZltB.8Ep7dfVf
460	User_460	:Oh0i9WTNpZhmzBl2sklM:D0F: e9km1GkD8NY 2J,S8 b9V3V3R4,ZPrw12S5IqAqgj4TqpCLO46zOqvzUuT.8WMGerOC1dwYmk
461	User_461	v:9qtjH owWdB KCwPXrVMr,DQ5UdHG:8rRSuKCEpIGSEpiFu5WcF8ShqODNW7Yaixe4dlwsGhSR2dZMmtyd18UsM1onTnI3:FTS
462	User_462	LARKYlbdRIo0 zVK.q6ZjahgiG.YmQHa6Br73Ly:,gFSUmeyRE7gyysn5kjT Ubt40pBMpXmnPXD9X4nkC;GR9HgMu0Wqwozgm6V
463	User_463	AX0WwljJoOxStLpx6xqQU5MR,74sP6Ch4YOcXfRFv7B:uYfQc36Qgx:ZsJcrEXIUCKj34y 366s9x0vQovNmT.j79V31UG Ar730
464	User_464	c70,cG11;pLLcldmIH4fkywo2oRz;HlBKhv4TSrpTXTJg055 Ujp yWdY;t4KZPC2Dp;wcHVAGg,tSGq,AyI:v;KNxqfxJbG7acs
465	User_465	9DX.SC5JyeinLhHJ9Z56ft7rhD,IRv65wb psx4qy2oe.8rB3:Uxh1rTJjaRY;uRRCLKmAuA5xf2ef0YbYLitb2J;Eko6Bo7FN8m
466	User_466	ht :23tBPR6tlfwRW7QZcQc.29NE IH8luGGfIYKU.IaOwbfDoc9diqlnFA7mPbmwFibiZPJvJ:vdFR:,ZfKRaOuM9VZiZ;i4i7Z
467	User_467	GlaQtjxkPFnufFerWfnhi8WNIgjb49GLO,MkR, WybPuzzMEMq02J,X559B7jf 2OuO8bbFgVi3La7z;DOL;Pk;0gqbJOgYRKoAE
468	User_468	OgjAmn8rujcGuChN5z3jPq2:LigXkic7JrA4Yyw6GYz803Md 66UFssGinSfwqSYSYb0gp9sxEpBoXBHlflzvejKCMUu7bN7 hwE
469	User_469	qzTVrEF,L0lNsLkX536ucJdcVk9dm49PWMXMJifZbl5MAcW:7HpE7b:bf72x96RnOG:8K:,3soMNh8:0AU 5ljsEYpy 1npvm8Wz
470	User_470	H:R;aOSOjBxDwb72;WlI1elcYT3v7LJpEqFD6HscoTGqEbCAtvr.pGBiWc28:RrWboYdpkD5GgUOj9MoyCwYtbl6g ckuOrdflog
471	User_471	wRDef b3HHmrTDW,E;C,S xv,ZEJABIAfvICC75anl1yH.Iquln,WdreGRAQhq7Z.GxCK3a fIxFdnNBt;tHHMPZ5ExdkI3aXCdc
472	User_472	K1EyaDnwT0YAw.PV g61HAsMC:s2pI8p0gFw:COBPsiInWQ8N0oz50JUVjHqE u6OSt.1sXTvQSy mwlG7Wv18iH UoTp r5EW03
473	User_473	l;F0 HlQ0iIBx7;lL,tSlw,idHX:E:bAWYZbfbMXIWTiQQODyfNoMyK2RfiLK664BeCMSmZUW.ZZ7TGu zzLp.Zh1lBOfPluytot
474	User_474	pj4,UB0gDdltbIDLr9J4i:luyOHZgRTlqc tFsC6R3EV0SttjoWUWEg;IO71DBdKHQ4YJKQn7f3fgOUJIemBar2R65 pfn6eTknj
475	User_475	WOSHyY9daj;cY2cNwZwlCrLbVXZ:a0oDHTdrBrv;10bmhc7PGGv0,eeLdxIyUfTZjR5tJURrZYqX9B06.8p7cOdLS1opBBZZpEOg
476	User_476	WNllpsm7LNA 4R,xUtY3LJpE0IDGLg7zMfSYEZjkCi4YnsN:V1IV30CZce;n;3LllLuSTwkdJu1XztfxalR5YogGFYo79ykVX5UY
477	User_477	s6O3dk1O1s:Dw6R65a4aKcHpwAF9.lScDvXAXcwoLY4;BkbPPd8lRFb03KBiCjSyxH lSLR8aORLRr2dtK0nu4eBiN85Jug7a7g4
478	User_478	DxITqGXmDbTXmZo.yiVXhI;Xe90NC:66GM,Lv86ydU;jLoSNJyPP,IFyJ5BGik6MT:ff9CaQIXYrxY1SoOcYZFs2R0Ws54ZWjIWP
479	User_479	DJT3Av.8jczL,E.kY94sENc7HzTpwA9SYQXC4wOnvX6G,rKL.MA5uoQKRiVYAfQoTcq1Rv.Dlc9PNd meTJLHskhDXcIqYNk3YmY
480	User_480	o4O.LGsPHtegrwKB9H07NCnARH:SbKWmNZK2m5JLJhNv,alBvAutNR.tcuaEBhZaoOglzLr9NKU.wIB8o8Ny97eQHx6NBCiTnMSh
481	User_481	iWOClBLht,LU:mU4AAZeL1jR:4QrsboTib.RRmLoLHiXUfcO H,,qfwLy4;rl5pOOPCaNMYFH;Ie.nM5ZGStF,G6t7DQxaOCKVuo
482	User_482	Xrdsh1NxsF7.rlTN2,szJYlGRdK7SdUB, D6:AerHKUvAgB6j7Ps8.aVqdM.OXDNwpDhPCKoizTV49y MUgi:2nVv7KnlzX96ZLl
483	User_483	jy9VHoOY9IhHSxbAPNWE2yBFtVv6u.8NAqTLntsGv;noqm09,U;LS1xiMemqf7jTnDreNBHicRDNPG, M;:.6z, dzM43jK;iSLW
484	User_484	I87VcARuCDEfMAqC4v6UBwyPQ1SeEe2tnT93iBPIE7NG4eSDSgjD0lWU8vdX2w3vT160NvlqRSsm4ukbA169n,M,FzAy4W;161pH
485	User_485	TMd4.cHicGO;S9 KmBDxI2y7nml:rYUpmHZXDS1We2AxXg1tR;Yx1DD;X0hrdrKwfZzFv9gt  cUKKBDT42R;94DKvgW,7HGe9HR
486	User_486	daWxB42wM:7e ABNkmkvNqJikCuevc754LVEiv2XY8zmJY3kPbUmt,ewK3LAz314haoJNQKbd.FRgaRWxdEAP3Mwi;KkgU,NiM.c
487	User_487	vNot9ohMuamXl4y;GzUlcu3AmA3JkJD1EE6HboMSi;30PxnrWGk9xvshgOcjBhx3:nLrP2EaLXi2yFQxZU7hT3K:.pY4yEoo1lmh
488	User_488	xOATxLRA5IAquk4rGALR,TYRl56Tjg1gcwRk4pg2lcyAyMbrWzVli3zmgBqO5g3qFSW6Yz3FPds:ly1AiPfVWaj:E0f2v:daXHEC
489	User_489	fE4igcnTon YQ6IWhNFLz1bwvs,7domEcQnKldhspPkqX9ICHZdwqKA2RJjPODEsdcm9bCoeCHt454 YLBJB62Nfde36qNHRg06N
490	User_490	GkmOTsgjyLNR;N5BfC02AcHgk2H6azfKEXKWw khNKhrQtfjvHfwkgH1ct;rSrFLRrUmrombhIU5x9xGUiY,1vlHsUhrsqsLLhMi
491	User_491	DSOMtygZFDLj7vwjkt;UPGDcMxVhAjf:DhcOChFnBynr8qL4nAV8Hrx4F0uGiGufswca0doDg:J0hWiVYfnWLZ;.vPZA3P3See3r
492	User_492	:OwVk5OFN:Pu:7hIc:t,zTY1hS9JgReBlzefsBIFDQZZa RzmPxhBmPRsauOoB.tBrVpM,aFHU8j3cebd9c3bg 5uq2vHquJ3,n 
493	User_493	:Bz3vGoniS2LBW564UqymcdKlM0iKNL9DmxjTNlCF0z62NHSQCYe18Zsi7y:WzaCqvk;nvZ2DA;kuI:H2VzSvApyH8r6g2,CPnuG
494	User_494	3Lx78p6t YuDm0aA3f6YgJzpWx5pKBnAKiW49juGJ6xgQTdA8rUmk,gLJ:fOs AR 2Ag6WlcxxEdbaD 67Zx6uT8pfQlMI8vgzRl
495	User_495	Wj;lsttXiaxuw6bbl;8pmDq86OLYaJTtoF;ORMmV,wASbJfWFj,S;TqKBdvwoJ.agZtzmIwa8 unPUWpqWo6CbTE5EfndMBpso,M
496	User_496	82eZYn0 HM2Iq.BMf5SL.Jih99n1HrT1O.KGdXl6pA.lSNT638Gl,Cin3vojK6,FV63g1E0jiyaCYV TfN36:ha0WmlnhstaHe1P
497	User_497	5 9Dc876ztnNovCCOu2o7ZH59,26JIeuO2vJgJv:RQVoJlGosgY8wvP1v3X1e.mYizYRYJ.ILWGhVBKtVFYf1K2HFng1IqWSpOxj
498	User_498	xyTKhUu 7zYUzgto Z2aFbT9MmjvAD 3v9It 7yOMRyF.xMNH,cCBFLedSoPT6T1PQsFohUa4UvVkopwGFj:gj qadf4KroWdbeu
499	User_499	JL3LeKqr; ;:aCE60WngpST2Xc4gW;qWyD44v,rqJMFEmJ5S,h4xuuKiPTtg5UV6OMw3R7ow4. Zxp15FddZhkU6ra;6,odWBcVh
500	User_500	VY7s4G6Dl1RmnKe3:p5sWL1IK4skJqy..F,OeH0SyvI1Wfv4ntcan 7Q9z203RwgZnt.QoIsRslyE7QPw34KiYnlyoyUGCJy0oJ1
501	User_501	O1E0 oLJ rz79c;QNm4vbXRfbd0E,Y2QmkbDAV33mejmH2njCQkMRGoy0YWc4TKnb7;JP59Vd:XuvA69CgR2IF2ntmWTLQ8B:l B
502	User_502	s8is18Gs4sorVdpO6huae46mGqBVn1mLCGuaiwUWZcf,ZyiKjbIav3cPCR,PVdSImkfK0.PXJTXPKqriUf7mqa;Wdh0.;,S3axQh
503	User_503	0uyUqBVEBvGrIxtwFYWjWaXABUeuXOaqrV7kRyDBFft8CpuYP305jCxpNPq0bv3p Tq T277uJZ:cMNCoIssyZlOYPfFX8fpNyX9
504	User_504	7OxJ0MaILctZOnv:amiiPuA VEr2xhwl61sQ.A0vfYyKXkGkgsEM2QbJK4ukwz4kkuCP,rxINLqlRe00B:YCfyz1qB5JiWtuoLSv
505	User_505	1eyT6,xTEbXZBpmvKSjTRs66wawqDa3f2IREyuQ4LPLGhLFnPyuqyZDbwKULUoL4TOmfKIcQrfedNzrsDifKKcQUR xQX;g5gLOs
506	User_506	TVIkg6BJN5 xBclskn:QDbtYu7A3MO heqe.QInVBAs.Tb4NqErQ67eVtGUG,eKjeHOeCEulZdPDn,i20P0 a:c186zQGr4yTVq7
507	User_507	bnUzUwT3tX,M7dLSFgrAf2..Dc5Ejt0VyBt dHF2.bYo706fNKNdITEt6VZhBaIS3uHVJSgNNoY5N2jn1ah0V7oe gqrd.s7ZnXe
508	User_508	crK pMoxB641SanRFTdxwFEG,iMC f4FW,mZshyNEh8YlpDZNUK8lST7c7htZudMNkwZnAocNsOmHZ3Pmul,l3,vDnob eVCZVgU
509	User_509	fyu;2s6KnwYW g,:Lrze0b.dVI4MR7es LjArMMMK9fIga9XKkQ1:Zu3CACrB,Kc;1Fn1X4.eFPU2p0OcQ6siunc0,U8VEHG96ng
510	User_510	PFH7:AF7.m6UF00xVRFYB9p8Amy,Rdz rsTuQtgMlVzRM1kVKzPsKrf8rzrmHi:V97FaF,kcYoP.R5nZZdTiatyec5KwO.4bMqLo
511	User_511	jPGrP8ZfiRTeNS83FulaFpz;EKl6jnoFg saTMXp90Bf C9QZMSd0LvQhMl6vFy6D6KnNC.xBsX84yRltE.r;7waK1vbSXTwDtrA
512	User_512	:j,liSzx2kptZxBaq7LV3MdRL,6OnQNhvYhCOLCiUGpLvCCgalEY2cW4rojqiNG3eej4ZDuerXXhC37kz0xz1VH;ON6XUwdU2HkR
513	User_513	S:6Ho;MqlNrNcCSaI K5E1YZZFA4rHvKSdcrZ,UJEu4.TKp7A2p7Wf,BBGoXr;o5:5.F0RhwtO8rjrkGpQ0 yt9amQo22YvhzdMd
514	User_514	Sz2:lOd7prmxw:tQ s.oYVQpSsRlOd660rPywHtQ7v5:5qbgCfTlo84Gix52cX6vaM;Wf2b4P IMiZOaEo4sQxro3NbEDrzl2J5p
515	User_515	,Zh CFk;dJG5RBAA8QNDtoRuoCtE0g99u6SHHeLu8tClDi,DGMw2jVoq,Tqn9cDGmNI8RxLVBNNvHV2UTLKWX15knKZNPhkDMyCd
516	User_516	RL1kn1Gtuw0fILFlUsB;25Xfei5kDqEQx3M09oTdkhxHq A,TgBHR DfQn7tpy8yT,bz;QXb0B.49nciKazo6NYgzGi1jcbjc6r7
517	User_517	dgmbHcvMyVVZ.MLnJE3qYP;BwQMxv8aVZLN4RoA39XnyYOJ .: gISaFzcg4n5WZ,Q dBbinaWC,gT2G9J:.;oxDDFCtEed5lGYE
518	User_518	9wAcjkcRcTx:lYC0C22VyNQzELSRrEmihEklizxhOdZgqDcdwsmhk7bN28ih:KIMHfH JrRfnRq3m4RsorRi8CZg6ouwh3,B97Ds
519	User_519	1IinI9KhdUPJXbcO:;kVada.dvG.RJ9is4iaEEmLH6O2d,:P6Yj VH.knJ uzWvL.iKkKyAq.6HLnIOnPGba:X.vTP7z4q7nEZvr
520	User_520	:5k1Vq5686Yr;C3lKLmQjFzjZMoO.mqHxxb F9FuiVkBURrRgqX72VfLAoTpguzsn Aq2V73ebQ.lyCiV7wb5Ngt;IMSiERf928P
521	User_521	s7oYr;1RF,EjLdGDNATdE;sa0A3;hp.DAgjAZjnUw8M07.FpsnvXJc0V2l1OT2M7bwfuRhYb5lemroLiCzgb0rcqOB6;0ViHs16C
522	User_522	,zClG.aI7ynA5YdNWRbgUQj4;mvcIij5A9Nkpdu926tUCBXPJNI kMwLm5q;fLrwrt.Ck;3vrbMXJptSbRBlSaPUgsm8Vz24TH19
523	User_523	AxWnudcCZhhy,0TnoWboM999gIjArmC0k674wKFpOS8j3E70gcjdno37wq9XdChc;ATQ1sxiq:NSAx4uxFjpptI.ugaI8D;osHE1
524	User_524	UHQku.;7 OTPv:lLI:UM2YnxYXWyBfuJH9NLlrFhVnZtPEm:0Pzr,;sFGriJ0aSyx:JA,6r6D5Cw0dDoAqOefFZsHo9gm5L.7wpf
525	User_525	EYgTcpkaCdCT1Y2CbZwJkuzIDA2gkZlV1bRbh499M:URCwW:BqK9ejkb3ptaot,2UVZxuGg.QCg9wZsF.mZkFHR1 hmJvs,Oyyqh
526	User_526	kt91L1H,T1s.sXVKk.zbj7W1OY5kT:UNsw7FrF7PrI2piy;R5C,a5mUZ8d,Jm19WP3Tm8cCW .2P9I4aCAgnv4JtQsv QUtiaWJX
527	User_527	BGmPmjwzwodYVsj90IPcImZIPIdlF15P.mlZEHadYPy58hxeR3eA,:,r0.MTql2jJGmU3YLqP9EbOLT3Ybrp1uq0llsbfp:5jLz;
528	User_528	PvU1pfmWQTgFYC20KqEI Emje2aCoxDgde1;mT .DD bKscTnRbYocc7sUvmRnpNYA;:ECM478IL:bmiVn1zDTxpZIOpNT.WOVZz
529	User_529	dsyCjHznL1ez6e:q79UKL5X3a99:6yDMsxrqzsT8s.3uJ8fd4DZNcD9l,5alXeuU9yDtUwYu:3uRYXq.;cKcA4XOZLiiFoF6kmp,
530	User_530	j2NtXTXQvztyN1V8WYAupx9hHzGKbuh;lNOvM6o.aA3uQHND4UTn2DZ02z;AFMWYZSvOxbTo;H4h:Y1RfI1K6;11kO.qupoaDwOV
531	User_531	qs2Jd6k:mC9q0M.7vTz9BH:hUe7Jdn8RUoJQ2CxHyqCwo,CAQPad7AG0GwrJE4KTEJcsyjx,;mWJU:bG;,4249N3N1;CuibEoOVx
532	User_532	oKEY;WPD:0Xo2KN4qcrrOiULaMlPJ7MrA0zxokXag6G8UUCdlg:XZjzB;x8KuFORFijH68s6dSSvhMo1x oA,3bTmx8DDekh;S L
533	User_533	EjrFuN4MKVMsQ3s,;sBlSUVaJVXlQ,1 Rw58H6;KAmABdkKlgUqBwtDD1ZhxIlp,UaaXGQj0vxILup,IhdiLpjUh2c:H5ORM;3Na
534	User_534	I;pzj9L6EG8sVKjgjHP2b3:ulyWytH.t48RdIAXqh1HuI9MReMLCGZOQ7j5xFx2YvL4UY30.v1BCOcIx,NWx5;NIQrn7OO8KMPl,
535	User_535	M5t,bILj653350Tr7VI4D5SdxOo:B.X x.fyKoX5I D3fjeElvGLlXh;pjNyOTKGkGuKc3bqJ;VpJeVozV14P8O1,ii:T;uXJkJF
536	User_536	kZAG,GCUeaC5.nty.z0;Pv0MhL4pzZWigXI,Hh6hJHhel:XI,l3wf2S.bthB,.jxiYrnpMao49A0 S:Q4PSzg9qQ2YT3TjGEaYbQ
537	User_537	2GO;,NDq949PeZspMUlNhBcXPl6bJaHwjk4 j5A5Nay69pHbte14PHWj4fP3svmNnLkDNpa1Hbng4RUOhhewK;3.Ctb9A.bCtJ.l
538	User_538	,QvzJURELFZKK;Sn0gHDMP2r2Na HamLwFjk0j6ZcjnGwidprc8uGP6:BzJNR5,FbQc5Xh3 Qo 0E66SiUPdAPgHeb2uvoK:B;B9
539	User_539	mZ jRY8St DXYpBpEyy,6,3eAk9Mge6iEQz.LCzJ1 7yYdcOi7.wjYI;RPEvPA73TdUDaACmZgMFDTWzYitQ.pjdGrSyY5P50Dfl
540	User_540	txoy8SW3apgi7XdJMMIvlOl0AUUeX8 s9t1rF6yO8E:W4GW8iEFk6BtQIzaG5BI5BBCO,0DsLuZ7X3Ukm2W9MqvLmMLWf2VkeEZu
541	User_541	2mbZNbYST4r0, lK4O;eoOlRp7nvFaBi0etCifXpPu4Yj1KuHaU5,Fnx;2LD5pPVqB,0DghIEODB3AcSBFFkbIsgiMIkonw2d.Oj
542	User_542	4ckUGeumZKvc;v3GzEMWAHE4i H,m2.Ol3M20r3bDPXHclM4fn,DC9W0y6.UImb;VGY.7r,P,d7EayI1PbePfUD74wgKM:mWLlJG
543	User_543	soWHalf9P1N0BOk5,Y3tyEXM2:t1cm8C9;p1sFDcEFJMerpM3mzvM4gBMWlmBxJp0Ky9fy.44rQ;ToH9PiuLLe6EABKi42gzom;R
544	User_544	rsI:C5BX UYD yOBTV,8Ka,3DMAQeP1Zsi,6QXXdEL9C69vhD4CpGzQReQn5EReK9MSBcodr7M61SYAZg8;JVWUd H:;F94,Ufu3
545	User_545	g4W.MtlzHWI57B8VYRO;pwWKdHlHZzHHEK6,TH2s7CnLrhOpdvga3,,qTVOtVKSmHjsQTJ::8kvrvi;8p8 duWrmTGM.SV K;xDl
546	User_546	1pvvhC8iU:4T:pygd;r:yD,B6P84IHTP.Q9NDzkJoI:CddMII0cZ42gBG:sdl.SePpHgNA8DmmbhpqU.bcm13Yv3JWX4Af0rFwfE
547	User_547	vbmdjhzUgZvEGJ;,QrUZA0dPg6 5J7;Mz0SM:ZTRlQqTC99,M9cnhHrJ;812k:u:31UnSKAfruZaI0633Y7Hhi5.yump6YIyeZDG
548	User_548	mfUquxU0Y1fxIuP8j1:,KFkF,tLIK3XHsT8mE4 fvky: ,t;j5dn7DD6rm1.NF:OLGHJodSzV36k hUPY,JCEKEai3e4q4;TltGu
549	User_549	RAX.v a5.yzs1Z8nK9DYnJf,pzp2NLuOJttP;IjJvhmDrhoodnDS4Wx1ZWJOEOsfOu;eHTPUWJIOBsCPa0gERABnsxL7:mV0;ZY0
550	User_550	lxY 58,WeYEam8Vv:FXTJ4x3aAIJDB8,aqlKWC9kRJNJZEIgf a4F LmNlH4ub;la0c1VMasIWOS:iDi6hpNQE,ew1xbRxtmdwlt
551	User_551	uFaFFCoJlZFhw1gF8LOWlJ5scsgXhL:LNjLBaV.Zl0Xc xShs2lV7F9rzw7PuKvGchtjT5mXYAicDd8bvZG60vdq9,8du8C6s4bx
552	User_552	YMppH,Uchlqr hJuZe2yNrx3M9Li2rS:6i5NmFd3:rttrO2S oa7pjzrxjC;TWs5V0GJA1zhTTB:THTtAHgoBapoPKELL4LgwrHK
553	User_553	EJukQ0I9qly9xERds356qGo0RIFcPNUhGxENTkpn6jga sw7UtsGvFDK.I;AZYL6yq6T8R5ckpJGu4bA6t34;e rCU;gZZii0u4J
554	User_554	;P.,54adA8NVXAoXTK5gcEy,oXmSHleWHL tq9C3B4Swkr Ex.qZFE9tHX0vMeoa;1:rc;QC.7et0PGEsqkz4HxGOe:jVVZnvzp2
555	User_555	.fjv5MR e:DxtNIQtL6nhLyhfxw5xpYS1FwZJJs9XVyhKX4o3tYp;tZ9;HLwU398v; 2oqfrmSgfCmsjKurLobTOwczkDvwXKF2U
556	User_556	 ApyLpj4:YM :TjMRAnbGHrLHkbfVDL POVt9C. T1fvf46eSt3,suhT:k2DzD4mnYKvqeP0aLWIdT866jTzjWT0PNT1jjeNTfEm
557	User_557	wC.dUI1ZL3syirwVx;d9iNxFlEsme3nwz2BetURripOx;NIvJ:J6bUfQ902itUl1PJas3n:Kh 3kHLdTA:rsDdKJDoUDColGMKNa
558	User_558	o87qr 0T;pflaJyhTdaISz5Qg;HGiPd5vsrDPVukzhbEjYTOHnC,aN7JevSDNLRSMiTwLXrk6jgP2036b;N,7Eo5llp2J5 5nKxN
559	User_559	DWyNfB5YWBA3La.LfWCYT6B7wBQaDMW0FdRzUJjOkFSA5TqGQ4kej.U7GdKp;0.Sk7AnzsQ m09jHtzPQ0;QAjk.rd9;7X1.y.Nw
560	User_560	E.:jDdsGopoFAh6kNFWiuAiBteJwWR:F62eaiz9N9F5Ed831bmw:5DUNlBVQt44Zy7epL,hUPzjjEfLnyVnYKBxiTbNuS1bbVGog
561	User_561	RnMu1ZqudiwGUKuyvdI2;87,H5N2PmGdrEQjK88Y4N9p7J73QlycXfUKrh:m8zcFIo;O8;Gs4UV.dasG gNL44V8fdhsMYPtt5gq
562	User_562	J GDCAS.eSten2sdZnojZ 3KAkcdrMGUHi:FlcMAolLLPIF4rz3J7,j9zAJGtIdoR,;9K1,96lp2Kprgd3uIEIEFXJIOO21:SjDy
563	User_563	P.boXCAvWF4;i08J,2wLWM:lXgGUYZ2BaljZm7f,3kZo7Fq3XvR2HJ Hv8sWpD EV7u.JfibGvcqH8Iwc8ctoBohDMA.JJNdi47X
564	User_564	UyZPYAfXfJu0j4;EGFAnCzjKltduKMKL ,a0CJeS8.8m5d76Uc6DAKwWcc0hiDSJw 7v2xV8k,ma,7xiyZLkebhItjP DLfzuccI
565	User_565	NuR1uRMwtO7cFUJROkK0DIBL5l.8VG4GGBhpBqDy93wOQXNSLQRyinq;Hp;8UurDrCSRnT9OC564LVwoNDufjMjgHU7etpf3APBi
566	User_566	3yOyKw,v2iUhBCqKKp1dNujq,GobLjgwpSCQKG;NUSSR706eK:;H4,ygt0HzsIF1epbocN,Pz5,wwAt1Yy1EiZbN5Xw3YtTcRe1d
567	User_567	dVgjqK:RfWnsWas5.6.vNkJd8:.Rn;8JFymrFF 422TL7mhLD0fg;2t;8p5qLki.::PWY1w5s3xSLlz9WA8hjuxlM8hcv8opzFXo
568	User_568	L:O7c9;odC0B0p2kiT fLzrPSAN.Xhag.iXiuGNhM0:Br.JYlYNNm6IT2JAId,UE;3V7FazikZ;JRGvXz3mQGaYbV76T3BmnS3ce
569	User_569	0Vxl.4qkX,B5qhzOW0Ul8NEXZ:ckbKefqDz..iHvauby,R4VBV;nxPNXMiqpvedSsCYQQaf3sJVs4m1wP,4gr,4HWirH1T.RhbAJ
570	User_570	bNndyafASV xK.ZksOfKm,KC1jnH0;Pzg7qhUGvi5EXQ034IW 4WMBYAMtuJa1AuUeXyiQ13Kzr0Mdbp:Odkd,.MMaHty1AWAH,J
571	User_571	UbQDGdTquhJYM:0g7E:2Kd0lroSJSLORAF,ResVpo.A0lAukcQTaHHILI10Xr58Q7x7oEe RWNjs4GhvWO18YYPse1GiBV6h3O 6
572	User_572	2XZVwnwtAugVsmDrpaiUS:01oiTICs8DpamN9LWl39i1jlvaJYa2UxYanF6UstUi5.2nNggd836QAEaHmnqT4,tY3epr9B;QeEQS
573	User_573	hsVxwY;H6OebXUP6yvn5V7tzRwMRSdNW,K0yRj.nXYtuKUz01lwtLhkXeAnROl32;Z4btjE:HC;wEf5.dRpqF2oz.p1bkN,zrTe 
574	User_574	CF4q.UEB6 a3x,h:PUDU8A HCVI.5ElBTHSctF1D.QK8TRdwR0HEc5CSHSmruXp.4DV3FA;dJiRLkjuiWINVti6S7hJsuriLuHqT
575	User_575	AzYosrWI3osHD;Q08hvoeS.fdUy7V4NrUeL48bqoR9Y7op BtX SmRXnKmX7Jg2w3Bj:9BxbrQZ7x0z3mV1EIXtIMUS3cHlVYq;w
576	User_576	R.8ULSx:ai5tu6J8;2jk0HiXtJfiLZD2imGlucjtXZX3LS3R4MPXuXF33z5U8cn37 ;B5BWCnL; V;23dEQbGM8JnZvaK86Fsr4D
577	User_577	;b 4f;Q73z;cZKBoLtJAd28Si2zAJGdZgwoRXdgLfu5XJBtqKmklEtOnu26ATkBoQ0Ro.WyWzFvc5cvU1nspDel4g,UiMYo0nHxF
578	User_578	BrUDa,H0ZrbAv9::2QGdZzGV; 4nBmS XhaYLPE3fiaph0;MmcWlUpRp:.zN2uWZfBzyp4bARrc554fcG6dBlWe6YcBA5zc:mXdm
579	User_579	aIRZJS1GcYYSvEnA9v3qW:1lL8aGLwem 1;N3YxT3RxbXC uISgNf0hit6n955gia0spWHF3Gs:i4ivnu0iJY3r ksGLeARHV3Ss
580	User_580	M,.fXhtQh0uECWvrr,h3UnVzCYMU8o.DvHG7a1PmY4OV4HTLTqA deN9PUnMcabyeRSzC0IYdMP8LPJLuU St4P7b5o99DpCdvnU
581	User_581	qq0A4yqr.QB5,8waN0qM5Jr7t:TAzQpOM;hhZPwATjD3J6;KjU6fc Ak ywgJeXOeRNAiDQI,KFdqRmTwzzRhKgDexg.3Gx0HhB4
582	User_582	D3hKaZgaDki0 VYTEtbZZAy7TnZaSnFS q biTae9gEBZ1xtXiuwFDCN2S87lD5dKv2ZOoiVz NXD8OD1JPK;qV;Q:sv:iY9FPgj
583	User_583	B5WBki:oa5;sr5f8jPyoVOBBPXT01dNuhfduoQ4OMOoBkHQgYpp lgRKOmsKS0ap0dztYQfARfrczl;dSRBKygq5 KUHeehIC3rm
584	User_584	E0axR1AoFc,w8;qdwVT5ffyj32Z9,I w8GYn9gHtRd;QB:Z;ssevtMR6;Q,wK6q HSJWQJbVE,Zc6tNsa4uwM0r0qhc.HA5gpUfr
585	User_585	Yn.QugLr609O.DpZlQTVe3cLaoJFSZhFsnN3kINRRi,fqf417 hHfhE9uvjtFXXAb JEZHNTk n1mx2:jWqbrGdKZjou1i S9:;5
586	User_586	JRdja D88aVVLPVYEi0ER.rs5ebvbM6RKLq80aqBPiiKcKdfWQ.OQU0JVrDLSlb9vUT0TGKnYXGmuaDphRDqlA;Ci2jeC,vGyU1t
587	User_587	6WkC3w:X9ImUFcz2x1Uc9Jq40BvhOJc2pvtzUAIS80NfMd1r6n5znu8Imd3ldJB53SJO8eF6 p4ZbyXRlfHy4GNi YqTADyL SK3
588	User_588	oR;rXgaX1mLiTuujvOPlNrb5WZdcgAnsDEMm5rWw51YTANEEWZ5.JEt76dl,Ix4dT3EK16wP.n,tLvkKAspfJcrF8:MlbutaIE7e
589	User_589	NQokVjP9 CpvKfvVgKoexp7NjE,jee3XwpPd3xAEnm.,GE;mF5Qc2xkcxJCOMJ9hmd9o0BsVBYL,XlrT.WMzaROPbyCUC6x.qCvQ
590	User_590	1O1y8dPTC;jzlmj7iLO1LoqpRPS;OirI52DLW564evGx,sBopZQ.8WLfRD7fwK7vMHMZNvBMI08.GjRo,6Rnrskxi1:YFgWLjXOk
591	User_591	;Q1lm9g:vN9DAgV8d2:8piP6UavtevJkC3WF4Sd3m.gj0HKEdoskqho0kq3uqbz0h.NDidRCVmtmBGZJPrenm8Y3zniBsT6NunA3
592	User_592	,c:4notnlCdh,341,B8mo4S FLdYbR2OTlYJ6EgkmuvoNz8uGq2P.QVYD.BS,Y7FfbH58ItUIdSMedJ,n0aGUtjo9SM637M:y0H.
593	User_593	cFNi,uBR28w mQdAhuP8S.Kw1B luuAlUnV;eiKTknv0KsACUWBVm9u90KejTSCNIqREIGfoSYnVXSbIvkobKqgnzhwsm61;LCj1
594	User_594	XdUh:NorZPb9VLTBe3W8yV:IJ.0xh1PWHSxclX;rPy5yG9R,aRSgJO:tjvpggADP8l 4h6URHPzsQWx4V H3UmIuFHjpvoWYdprQ
595	User_595	ahDJxN4KjUGwcUwPJWElb0LMBlzmgGRd9KNlJ7favRUARqzNYXGdHpao:V;Rm541Y:IM8r9o:Nb6h6:NwfRxE39;r8kS3nw5isCA
596	User_596	73oSwJ;780o2D3sjcAbStvCJHxj5Pie91uODgWLVAyi6tQfU6SoX.F8wbAgs0tfoFCYfAFEDZ3mVY4wyPgBI53pC71M3ZPvWg1mT
597	User_597	EJuS37vKoqYL4ZKQTLmKOx2iImt66aC,vs:2Q4.4;.gC3iQ,xr68RT5az:JhXORBOwrx9iPnrQeBp,,IXoihyIm1VpSp0jneEoC5
598	User_598	JwmRK.QpQ9uW6PzVvAQkEtlA8:TU0hB7,wxnhOTJLxiY4 34NH53Rd6ZXonpDOev;f,J0i2wamGvo4NW6R7cMgH8QSTUprJ8Nem,
599	User_599	flypEmSMcJFF4noSM; SwtqwTEC;VdzqMY3koooEpZUXAtupHpsfPuH1wFC9y1iMvNijNnS8RrIl6P5 8AbqlJldPjTmZZI4hlGk
600	User_600	I:cBDdhst.aSmq VnTgoGnCUMwMljlPvDgva,v;SLx8M7 ;Y:0Jl,t1s6hqr691qU3Kvp9AvhWFnxeaaJ2:XcagB9J.FhRKVgMSX
601	User_601	bT:O:sjeX2IMO jL4IsVkYdvlyHg 5gDv:wD73uSo3nE1.8U7PHxC.AV289 Ryfu2axbKxXLmMH,.Pix;0zpbejRU1YqjoVRI0Px
602	User_602	STr;EjDdug0r;cbmpIkC;uusDqDf,c02li9cwc.C6sK1KkRyE8GSHbxs8euewu;0UQdqGN1P.Mt:.dVCWGWo7sItlA,4xTZ,0mae
603	User_603	;KSjRLa:xjExqnQiEU8GhnMgLbLsfzV44hfNXu9w2tzLcS.EsDeV9zv6xk2T8:cdh3A,ohV9.bXQcWZ254l0x.dWmfSGz5LoBPJQ
604	User_604	6iBFFw3s272bxDeX7j2AqS;yhHpSm3;GZtGDfpXAbaOVDAZOrow:7okaoJgbyin7CWBhOrJ7Ggn8a2Yhm7v59m65HrCqJ4YdQxU,
605	User_605	tphUrSTKJx SmUKzp5tEvyT6q8KUZ:Yvd7EJEUiSrLVl:8l;IT,bb LTnj7bS1Jzjr,l9Bj YovrW3lPdGk FkWMoAVVDnpAR9k4
606	User_606	IQtXoG,mFGbGj:oOSpLTslRq MoHFpzY J7aK59wo9e8qQ pOvk3;c38lho0aNMYW,bIJY:kkzUwiKLr2IjznFpWw.Z32.DNqjUo
607	User_607	wTUUPODbfSztUhdqO1P411 qv3sLQ8ad2ASlzud:imy1klNohn8qbzfbkWBBmhRSunQPo aesxGr.6wro,VCiR6nl6PsHE TKXaq
608	User_608	;Qse4k1OFzA RGtLQIeHD ITINr:mfgbn2Q;9H;LCk;kh;WLa3;XdAVZxZmiK j,jUbq4KXMj3gyF8;:lRUPU46cB2bVVOOGCXk7
609	User_609	NxPZyavVvRspaPQyYJbcF3Ql0Y0COXTg26iwfrYB:tv,jC9azJ:sZIm:0R U6G,L,Tr,UbXR1B8DuUorA:OwMXwcGv4LnRfiMyhR
610	User_610	,3V203XnwAAd5arGGzbIrVUise1,,RA6ct.QjG0l9 5:5w5KEknM ARB;am4j;wk7WhY,tEobZlSv1IURLvzys.tixJNePMIW2Fi
611	User_611	4;5i, 6vkj7iaUyjeL7lBUkMQLj:WLVskc1yZqpGpho.:NOOr42XAPbCbFfOe6lr G502oc0gpT3XMDZAgpVivQ.qH.goG;8rcX2
612	User_612	XhaL0TWqzi8NTZ;o0DHR;WMf92tq9PoxV7X4,8hR517MVhfLlGbTKr9cpraS0vBqWS;2nLuEwN1b p394;TvR.TjBjhmWUV5pOm:
613	User_613	gorU2qVIZqLP3Bj;5ps.c66zS8dDn2zbZZEIbCnt8;VCBjOSBFOJ2GicE,nOtUGdtvUFwk3UrUYdLNwvv.DlI,U ;g66A17Bmk7J
614	User_614	KBXCMMcGjxVNilGb1hBE Bzpr;L15wUNLR68Sp;2i1zsljEmdSXYF5fehUKW34rFD.u6SvSwTtV6CJ7keR24xqGhy:k psbtMPg,
615	User_615	RhkRd:h7H8Rr.idJ8hPC kAe: XO;BEEmFgOv9R3wCTd6KO;imCiR55wVOrZrdJ;Is0W79,1fhL2Cj8WwZEmRnEVjzk7hFZFzyJc
616	User_616	hQXqkUCrGGvONAuTzA3VbVTp;NnYGuYrtj5bdzm6NZlVW;lzFHmY3OnemfXTnuAZsR cuoLtSdBlcI4xDQjeW0IMWg3MPTSBskrj
617	User_617	uSXyNUUMvD, ;N.gzVK6Z.;sBm,EZpsCcsXVo cFtHwXQxZct7nINgvlthjoafOulQJfgbEubheM1UNznTQcdFDodYHdJiNrlE3B
618	User_618	913lu,nHtEVSUogaaqEr:nVIQ6HlNNHkjFhJ4ozbgWkWANbmTNNDA.FF:7SISm;4t6wqJbnLb3arGW0eacPkXr3cF.JZGgUeHvyu
619	User_619	Oi,GopqzlH92XuomJuZNP7Rc;NuSi JBLGPKJrJPmO7mkeEtT9h5UaKPerjPYge8KPLOEno4BCoGzs;AuD:DSJ1jT5lfihgbpiwK
620	User_620	O3sb.Z3N0lP8tC;pmdkhN0FUcfAcY5nw65lBQtG3lNwx6byj.6bhlyIXPvRESw GbZAKYm.2cDuN4pnbN32J:Oj5D3tMvQ0WvOcc
621	User_621	EirWYpuBVEkmPU61LRAig.vbrYK65QWYs vwcfxLyQU9TIqG64 zk F69B2;7E4BrG1kG zCCR2IV3jew0W,Qh1utMGN46J,FR.n
622	User_622	EzEYywYcthidFdCm3E.dCmdHX7GsQXK47UY7x8Xw.lJjXFcYUBvnu:PPGy5z92lmgvbLcP7AE L671tC;kLVKS;Cr7kBBo,vxll6
623	User_623	SRNgBr.ouSii86ov85f5dPEIYzmkUGSrJjiAEndTIvQaMihHIT .qJn;7Z0hYqV;cvGvNUiTDNsY;1jDU.mrD 4t:22,7;qLs1z:
624	User_624	vTQFKvlpdStuSNar6t8rdyfRo3ZJtJr45e ;W:OaGIqgNcJqH,NMgMQ9OCJdrFyc2UL8ZDvu4jPWcawM,yNkceM35yMsdaq rIXZ
625	User_625	ZUNm24gcf1vjzVUbm0l5;LpKWEupYVYxDf24Jf,xyv3MqYtdeTnDJmJC64ddmCKuGqbp3:azF53D4RF:t90x2tT2Zb93.v,J Eqs
626	User_626	 I6CZa.N10zSePwvrjmUW Pj:q;C:BIddoy5OorVbIaNuMXkva.y16r7Ll FP8qNgCTYcOi4bpCh6B0 g,419Z934:P0YnjgSfOl
627	User_627	yBLN G EJie9PKJ5h.xeYtRqSmNt0sKHaNPtXgFaz.hEz2wsWPM:B1MGoHut,vwQEsxSgdwEgtR75:VV67huMlhGLA28bGb,CPcX
628	User_628	mchn3 DpzeEoDun;gk50qaCfB5pdrJJLr4Eqxy2zqcvRlVIfdN;h;R7iZWQg1EmPWq09:qBS89 d4oSP1hRhctFrqk7pTa30TWBm
629	User_629	7y;fFgusPz5tNJ9C8tDCVDy2x9.eo38modb0dntfTcV0pOkh7h3 ;:UWKRF8Z;CsnWa9e4bjAxBOtzQqUpuda4Vokq.vysE1jpWH
630	User_630	da;; ,jtpLreZwC80yp.nMO,p8P2FWUmUQhU2Qu4J 3SVvEhLFw8;V3ueaYSVHKzDY.kBUp k72D:bH7IH..EfThbK6pNnZEzxKr
631	User_631	NJG0itv3jw5cbuZJwF2Mpq FuzCQhSS DCkdIeduyulhidKOyjEVQ5v1fr8ea5rDym,CeARIPVz9cGmMjYFdXVgOBEKV,vEPYvqt
632	User_632	eAPCc.1kn4yuluBLV1qhPG1OBjj7B31ziOJO1iDFZw1pga2klYOmQ7zljdr7QT:GJ8BeqBUz0dW.y.7Jj97LfrdlGHIuZJyGuiHe
633	User_633	sBwEJkv,rk 5oiWoBryaem6E4l927TdDRr5NW3XV2eK29qKYBCF VKo4WXhwAnqTOmR858wK,23BxkuzI1kGp;AhRikT,.mz,0Xs
634	User_634	cLZo.MebCfgYhKEZ8grrRcmQRtaR.sxK4dyI:K0,Gi.jiWQlbK;:mVJ0vzKDn.;x4bJBqOOCQAOG4Y7kzeLrey,ULXPyqroIyE,:
635	User_635	SAvjeqcovaz6z3fJ837e3xQr;LHnGClkKrPjXa5,Bier1Z1a5a,W7o6CNouPSUmqhRR4Z,A1rix;8fjyXrzz.1ngXm43uF7HwPNP
636	User_636	Aep99msOeyFFngMwZjlwB9qzJf21Tv1AAh7s7uAsG8I 8dpa3L0Guq3OoQOt.JoY7nsO4Py;rGpmQ6vjTL k1nSD3IvnzDw.V7Ay
637	User_637	8sWMaRI9t5YCVlEmjxP63JMI,M9v:V aR524s79yiGTkaqc.IlNK6IKadmuhauApeCMohvLM4OeJ2wFQLlHAthx,VMwuwd::4ghM
638	User_638	40r OPm,;0q9i1BRQ0:2xhxKrN9cthld:gg RTpn8FSFPFBWlf1RlK91ahpV5.rlrP GxrlPmdhE4DJGjFdkfYJuLiKkneA5fWYt
639	User_639	i0lg:u3:UDz9mUyEKO1vCuQpxfKiWDwzRy8y;qq2s.jyWYAt5a8Kd4mbcVAolbej.SPkf36c ;3VaigxIDE9j SGJeUor5YmoWwz
640	User_640	BGt2r4SlyCl:Rz0M46yM.e.jeCF32Xk: w8pBltFFoleQvC6:wmILhpIN4:fY9eaNRhll:hMpP 0.w.PHJQSrbr vwRcamrJFrqS
641	User_641	AZZ Jh3rLUkEXT4qA;tfCZ,MSP2CO,QTgX 2h2lY,,NFaFleV32BE5d.QnZtuBLXLt9ml1SjEnPQ3e.Wl2eAgZRtMJ:IVLm2YK;F
642	User_642	WJ,xxJVZ89ihJgNfIiWhQvGVv3PIG3kN43q1O6;jvHMAxDIxt7O.sJAbsBWhp.NOM Un.X.XyqSQ6rzCP0V8d9jRvyAXS12h2mtj
643	User_643	pFEakUD;ixkt0MXSz1GT:.jVEHNq4AA,RiDly0,QvTHSB;oNx0qra8BnljXF91oGEDvzc3j 9.JU;e,kmg,x9f13YWydjfWeCZSF
644	User_644	Lo9 in8GBdw: 2GRO8AypPx;GZAZAPFrn8Y2G070xbHK3lbhsSz6fQ.;mGByn:lE5k.E2OeZU4mvZ,rap7i5zCy h24Z00GrV0eK
645	User_645	H76TcSfv IAX6K21EOK0rypgqV004PmjVxUu1 bPQbB:jaErE5MbJS4q1NpuZZQvz87AWbY3pQbxEXZoBJYtda:86r5efj32MGgR
646	User_646	p6pMrK9WKM9 Fdw0pYCC.Z.9Qfv4jseeOwMIXIxybPdxku6lJBrkmvXrFi HQGtafEd q2sJjIbFDKnVe0Vegj1c Pgbsi9oXn.3
647	User_647	1WsZJr7gcfSNLFQL5PH 0fvv,mxwNp;onAXLbkKkKTnixTXfjy2ehuZUv6cwSYRtuALUVR4ebKfx6CSnFysHPDQs;N.k07GKePFg
648	User_648	qmK9vY.hY3i0Vf0fNr8CYZXZoIgVgOfRO1Lg:eRPnOEJy;S1rrwWXu:h7VhDJTXlmUafyXQreSfVbOn1:CJFR:22p6k,:S10QZ3 
649	User_649	1.sloNhVZ8ro,ErnrDukDw:WTLJuw50u63dhgvlQ1CtY:X3x ikZZq TAePGrA,zI1rn sEzZH:Wzj8m7uqyQjB,Nkr26VHRJMKh
650	User_650	kGxfw4FXabQhzrac2N:sakB44UaGfogt9ovRoK06DXOFRw6ZdqN2SCJ01,DWI0UQ4WSM8CHzNq21nGNMR5,2mufVKRV3V,HM;T.1
651	User_651	 AtWDMDSztjg8a0lq8isvx:.0ZHhmxS1yPWOjsfwQjQL4N4;d;cFp SU8oqxOb;XIwXqgCl7RQEpsoJreN67FGLFpgQ,eSdG8OM;
652	User_652	7j5QMPB8 5q5uHXvGIp0REh3pr ayHbUYpvpILIPZtjK4qM9GvFgnlBjlkwy6bmAbwYAyE2Evtl8sRvEAUQmPc3XAjEN5p;oHqKU
653	User_653	.KllW.T.0BLMuUh:IeSLw;P31D.VC97EFi.QOFEWGU;KYrdXrmj4qgHgC4jLWQk7E2U6ItOUA0pE4jA7EyJDmIia63fAUEGA.1,d
654	User_654	k0XSHo6twFeY8gcYApxG6U5o.;ID4;usXkOwyh0I;UBx:WuVFnDSCFkEO.N0D4vKCyzY9h;xH1KKPvMnUUrnuiPNCIlkPwxjsSVK
655	User_655	pql1HUd1lQe2W U1zfwy0PkBADkvtz5pfhsknYaeHzfYumX:bm8PFB5N0R52dUU12H92lyhkss4FagxvRlZQCbxBZNiMB0LibZTl
656	User_656	9Dz,U4WrdwOnMjN.Fwkk 7XLo5An5stNE5XMA.Gb.,vncqqU3yW6ijUw90KalCbVfKL.L5Xt.,dJ4EnWF5t..7L3TvPn73ySMo;m
657	User_657	 e,Val.Kk3Jq7SR:VhNszYC5bDRuFfUk8;zUPXwNlFWpRzPistL4 AhOtJ7N02KDeHc4HQEDs7Rwl;,NofrzvHdq6qnBKB.gqYxf
658	User_658	9IOsPFFMWU8GUpz9k7HLkvWeKxqQchXWNFznPT8c4M;26eIWtKZYAxxTe4,O;:hHe,TIFR4EuY;OEd,t,mi8l1YeZBtoeWMsvjYW
659	User_659	4d.a,a nyNM95V5JwPBh,Y8l4yclQ91.DGK7cO9tqnemRtwmD2adJ;5nifd6U6TXBeHPCh8J:QT;jMXKyQyJgt4PR,iDY,ACLXb1
660	User_660	qR2,ozggXPt R:CVzq4gm jZF ,Gwi,. PskFt6AAcksjm2,MxiubvELvzh0QzWbRO.GLgoCMfE7y2RyPaLhcbdi7:Dphdu:Qvtv
661	User_661	1i4v33QUt.ppA7hly37B.Y3fVyfFmflGKnFB,ZJnthrt:P3:RfqPxMZ;GXJ UfW3xC17K,INIrtXefwBxTEu,BKzgxRy94xHjekg
662	User_662	dqXgGOnpEIVN5Tq0Ryy2fKdc8zyNSxHdsck6Qw8ZKOhrg:8Q,aWny4:axZJw0JsZUXlOvZesJ:B;ibmGdMkl: m4yx:98zKHz,F7
663	User_663	q.qSwOZsLNavXZ4.6UrMpe4CZ6oWXYLTr0y,D3M29FmtF30tsND:;lRx qnTED;sN6wl7H;.5hTs22umYLcSGHtLKJ FFuXGB5xB
664	User_664	2H:Yr95LU0t1IRpOSThO7JCA51sgec0 A5sSsQbRYz0skQ.9j:anacqSJL.rvW5u:2d9rmSeXemgbUx1k7JRIblWm6xiszj6:cJ5
665	User_665	,rlka7bcL0lXUK:l4u YNR;:sELgnSdn8RIM:4RVCakxORSHLYJQQVEQwJhbTMXZt;Hlb.KeJ6hq6r7KUXN0q4JI0v BAC;IU48C
666	User_666	ZjpJ8CnvigiOZI:11IWKf6R,OFL6.Vo2H,yS:FdHUTT,qz dJliv5qPXa;gvMFo3t4w8nKUZ;.,dq8,PwDv6SV8ghy7Z:84nNQrq
667	User_667	PM7yM5IT4rJ4NN1efFdv.Y6W:eGAPLVYw0YTWe08LsuCurN:fuFiE2lR74qqEJy:COZwB:e5QzGy738HccQj7kQpoTIXAMN:2Fiv
668	User_668	IpeWZFt,A8XR5fxh0U4RD;gcuOY 0jbWaU sBh63G:pMiiXWxlwJBxUe:nQD4Lc1V grOFp0Oyl3Bp4Za RRiBtlJfqojZ:,:E::
669	User_669	i29uvaUE66DercuC;N,:bHIzaFIoid0Yv;zoSosa51KYyY4fMRGuNBcm9CKbOaDHcPkJAT7vb;fz9TaTVgnYtrOYF,lfYefyn;vB
670	User_670	Or V,cL0do80BlC2DuFBeI;TpZtiPHqB;26.1xxNJyvCdcB7LutGP.Hohb9y4yDmzmufccY3o1.RT9v7XguRIl6wRLBILXBsSDqc
671	User_671	cncsExyg32,rta2G7iz9R4Nds;rXJNJ;bul29O.0CPMK:FzKBySMyTobkt.j7:O:077.H;F44q39XZT0dYBz2lZUQPC.TDbslvnc
672	User_672	w8H,4N.qY6aARxFQTLcDfj4:H;I;h:Ei 1ZWpnbZb2i.p13,xnTaWX9ezST,.6gKeUITGeeK;clJi6VlwGcSGIXMJIUnnaLz.IlO
673	User_673	igVd2E7GqofpGwf7yua;xkwH;VM,dSjWeOrX7n:cne,H,C og1lLsDG.1.QMLR 4t,Al1 q2hEpuVcy3NV2XzzZ.SPU.wO6q2f0H
674	User_674	8r;JvZk,SVocfiJLjrbj9LI;;xu7rTY0blck782ZHnxqefHxV.RXvZ6;,yts0CZFlVwkUUGco4ZLxOLRR7ols67Hd:P8IqeqDrzG
675	User_675	rQOPDO5qBL6rCmmZ.m.nwpiiP;vMjTtn0FJ7fLVJ8gLO 1,gkPeSx;NgSd290KmjOxHV1iGAoLwd.f1e0W.ZWWY3P8X8U9Kk z,z
676	User_676	cCOn33vZvbYjWHFwJA. fkG8lPl..N6fNrZaYvNnjvJfzC;l:J5ybW78SWkH;YlzO4akE2kchYQ7:Za8ipRZjzp37McxwMu1,A46
677	User_677	OdW79uIZoM8BE30mWHRnLhKWvI,PpJIETfDahMjU1roGPkVey0tqfoGt3sEYmGURdK5K9PnI9LSx.OeYaUedzW,QkTJn,bGdE2gf
678	User_678	y:MkpULI.jv0QN1ezkWabLFgqWjFP8JWL6yEjaQOrXjFNilujsaajzRboMfWKffGk4iCg.fqnpDvOkViHC6ZfKFVwQjyZQ4mGyoG
679	User_679	aJAnfNHsJ.qCV9LJH4aVKGr8556Wqi0dZ evl5OSmED;yabGJXl:oJZv7mmJBWpOmBM:Mr,lpU6CaUR8jY59ZTMM4JsIa0P:c2,0
680	User_680	xr8iPsP3St zcyQCBDYaK80ly8dDQHDmj3iEsTRvmyePxCB9c EKEZiJ QOOgmLSzIw905: EMiTRXNy2tqxz26qV:rBSKDRyCS9
681	User_681	Y1mS3aE,8FHxULNI3AVErRmBwuZFIV0hEnnXruqu1CXt3B JTpWvEZ6Hucpe;,Ja,1lq8O2v;kdF1aEVPg7AW2PDC9h3DAh,8s1z
682	User_682	z3UcsZgtoBAivnyisufPfH::eTMp8tiEr8jxwvQRRqomv7J:O7t;EGNqobEcDiuV1oHSi WDcz0WgHK8ZYHhJtaaG6UM7Kfj:CzF
683	User_683	9.msk4BeKpzCXAr5Bbj7,joVpQox5N;bu.AJ5OkCI6I;erfqg9b9Jph,I1ulhQ;9Du18,Y7T.LguLL8:xnVq77fPi96zJ.erW13h
684	User_684	g,kx 3fEvASvorCpJmvu.PB,VyHUWRHgB:V8KtN2ZZdvk4TaReq8 YRk8GMcjXFWoYgj8TTprxvW8qopA9DjKvSgnkrzgx0X3MqO
685	User_685	F;2yty3YeaXDOIWXpXSLnLN 9YC;aGLXi1vIQtcZddUWFK,SfMIxMB KR8l6mIgw4xErnERVxR9hXl,CNxsQF.Bu2myDnC0Xm;n9
686	User_686	KjLx.YebkvLo5s60wH,5Dk3kt7Hs2uUS1NBm87JvoWZdo1SUzAZDjKp3wvX8zM,cLLuf5;uDyL3M5uQpVGG9sbBynpsYULBjND:8
687	User_687	HV9D siUfrIlgnGPLmRk;myJZC:4RkN979x;z5gN3Kn5yoepBh7ftiW9t5jBBJX:jP:Lz782ZzH0AOKfLcN6YIWJa;C.A;Z7wRW3
688	User_688	17zrpxewWU;,kw; EclEC8z7E48IbT CZtU6Mc2i0xgbJ8t18786FxH7bBGd9Iew.hOWO4G38zzhBHgoSJRhQqGxycOxbDBYA.ys
689	User_689	qtk2vdwHBVr,5hGwjy;Sv4IQPOm7odnezr139BdOMf2yzmz.VwYDH.3cK4cVlIfV5n7t6QV0v,JQi,Sprm4xXt IItukX4ABDO7H
690	User_690	uCpnDc;Ak4b:DPlxoPdsDNZmsr;BU13GQmeEWvT:DyZr7Uwn,PMwG:Ux281Va0fRYeHF;K.i901EUUOsXqGy8l4d:GCmqMAjtZI;
691	User_691	i:JzypZW7;3mLTzPMPBYH8DSm8C8cSf6qYKmVxE8;kivhJYjnhp3FVRgt2r81XqTZTxj9ii M7icpUs0t0hKLecRdwFK,Ody83Y9
692	User_692	tqWrENANmzAcqb1.oU2qLRV9xd3FhWRlCWCV6Z0PMzofBJfSGnVKl1h3WFkTSqAXMfhbgBys;gz6CKHS7Rt:6A ZmJaVVpYkP9e0
693	User_693	BmfIroO6KRQYSRQZEldqGxd1BD:GYtdvTm593aa3,thyBENVUjKDkX;0ixukyK7RJD;A5Kqt;Ad9Bn1V:HU7dj8PAboPXne5JAmJ
694	User_694	TbRS6kWe,0K3MaRnKPbikPH:1.A.j.YNWZRC5XJd3Xhn;;;ANS WAbSfuSXqEXhQpeK4p.L5ZtBe 5UsaiV3xFr2BqRlhWqSzjun
695	User_695	8douu:LNS4jivXuUj17Q88.hrfJFshiOiEd4xi9.E,BiLz.:ptcoKtZmN98h2zwSBNasxp0FOu68Ktc.yOXLJuPm2w91Mzi4tHur
696	User_696	g iVqI411KBfC9yFRj:uAyxUG5D4Hts0ou8IDI,lL3Tm,33SXzC5Dxyeh7rlLdzO6X6DRdtwXX:VJTuJPFkkdMaDB1syiaGijvT4
697	User_697	pdAcQdUuexM.KXsqYL,dBCc3SA55,XVJCo TzSX3oQJG1eLa, i5uxo3.x,4PjyLHJXrVgdEjsBX8L:hQgJMMUpDJXBmkZk5PTQ8
698	User_698	HTDTaST9d7oR8hep0StHfg:.b0lFUqURQj1UfNWly TD2icqE:lQD6PTOjJvnQqcuBaZS6zq8LWKSkDrCltGsnESGo,XraOfCEBY
699	User_699	t dScScnGpCVlS8BWB;bHdrxn7:YypZSkNF;ie9 AqF1JKyJuMblF 7OYzPmCCOVud1CXDSbDopjNoBCcgcJPpbZ4V;B0569,XDY
700	User_700	tg.5UBepPt,QBfEonLMt2OOJS4mX0jeqkJ5MIGti.tnMAFdXa8,PFYHCjVYjlZvcqPTxkWZ8rdkkrsB9GgT nUHhAbWldbhbO;.W
701	User_701	0csDil0,e,33XTf2onSug6MQ 1k1dkqsppHgLPUv1O,7 .SQuC6lxIlL;btBtNIrs.5JM,uPAXRKxt AY0p9dm6fs1jWi3UdnLi8
702	User_702	VKWUR0S5ox4kGOuEczYPF0Xjs6tJF6UaPkeM,tGEzFhTBB1Nfnf2W0b87RkXrS;X:YrbFIgLMyBqAkDaAy3JSS:yJMJdXUXP70s1
703	User_703	fJ3OrdZ,r9tHpOEOhyAee:UYpIpEzgXAjoMAbrluV2q5qtEb4Ff.ikAB.cfVXj;QAxFgqt 4sizdfXeHfpbV.ARXX7T73CKr8NN3
704	User_704	cWd6X3naFn6WOt;Im7,DSz1 ,;j0YXlUN2loytDx:XxZzEYTiL10qNSdyg.Isi2wCh,PQXSEcTZHCL.73;fr8WB8PKIL0802FUjL
705	User_705	j 4PEvE..OfSg.a;96 xoRe2EVM7O6iYaGk .ZODj8PoLW:YOgp wjX9,rJ;5dwkJD4Lfs7PbaiQKrE5HnV3L8J1Hhsja9sIrk5P
706	User_706	qnx.dnRNxwGq;Ffj9SiOXB.YPlg3xJW3ZmeMYA6FQS.hzIFc0,E bNXpz9Dn868m:l06g32s.2dc;34,F,rg5srW6EMh JYA4Rwt
707	User_707	2YYd;ySuZAcKI35zJQgs;HFJMcfLUbV7byqj7 ,IamGY63;XT03igW718tauzkRa3O5d HmYakJ0ySXJFD,QzqTNpbbI9HkqeUwL
708	User_708	dHYrHadUJ3Pz6I0.BsZwQnHRs,r0mszo8W5.kkFe,HtGQcuB46MiUf5W,4SOkc6VtSS x41o7:57yu5JRGveS:Jmy3R,5,cMGuXU
709	User_709	wUWRqPjmgvhLBipmA6OH7W;UMR.aDcWnJnNPQ6lVxgtgA;kbrAhknikRY0J4W. 91i vnBH LX3qibcMhPfsbdVNwna16iEZP4yy
710	User_710	:R0J6WWxwaRMDkN9Y35 .aO;CTuxwjprz17ARvukbY8NqrHsZI3EGQZemQd VlI31lx:C4OE223CbmVyVkpogVHoAuh3,GiwwXWC
711	User_711	 lm99vSTjtwQCzN9FgCxOffkVoVbyy,w;TgQ,,HdA TVSkLMZ:rP3MyeGplY:51nkdfbxY5h3s9ZXPGLXoLp;MAb4;c25FGJ8AGC
712	User_712	7aUzKGa34Vu8JAruoBuHG.8be8lD6gmsidnvgZITj8mHqtMt eK5BtjfP:G HZ4ihha5OEXcp1m05LpHqcBL,rD bSnlqkbLv1xB
713	User_713	Kmt,WGGamvOXH3mywExLO4e8gTOa9EeX1R:mt3gnirYsAVOfn,nyHZ8QkxlSm.PtLeX8WK4mSdk ,trUw2fA6cCUyn,e,kSZk;m;
714	User_714	qFG7k.fq0w0jyo67s9e,;PrRCqe;Y;oUg8C5mOXyqUs7cG;oPc8 uchMHJ4aNmrKbJ5u7MpCIDSS2xg5OGPsS9rDw86ofi2BYBp 
715	User_715	DWRmxE; QP otC:S7jLyW7N4sRm2;2m.P6D Df.3kRDfw2dBg7QrKHQJVHdu,FAwroyCUb8UiLhGT7U9VtP3jZbzmbdwSWXHSno:
716	User_716	4ExTRS,fL85yAk;nvwyj13jrRp1ZFrqy9,FKfnM:eiAIQprt.yQxtbNj2tf;WqcPAVoIRSZki,Ewbi6kmByVmZn0bLMLONJkAndE
717	User_717	YSPjjiHl9I0kSC:;LJv0Jb0CpOew4vcvx290Fe1V1jO3:EwH5WGlo56uAEtWZc,8bJMkTEHiET4QmiZLA3qE7ma,1dxOg8R0d8id
718	User_718	WdQs3 lGmpjapREcS8 ;WGjPCVA4loTLEQ8NjBQa0HWfAo4gdTm4G0X2Jk0Q5FXog02T9BUoaX:nA3tQ4c Ke62ZVoZ5klYS ga6
719	User_719	Ll1gi5naw5hRYgGg, SppB7iq3B48zb0sve64DEngtGFKP4Mr081kRzZ:qvismyC,T4dnRaW  1vxCBXLpVlJJbP:GKvxRHHLZBS
720	User_720	4k nc;NVam9PeI8KRKMF5irWZcX WHo2tTr9UOitYcC7Od;dmKTe34NKcF5oRloxJ;HMkhD7wCkeNDA2JF5agCzR:5WYlHVf hTv
721	User_721	.LHFaCHD2p6BLns uEXksFN,XUJ6ODvXA9TRn47H:Q8QPk4eGBki,AE;EJyqWRG:kTf1mQah2fN6OIy4EEqAJeH HB:9zJOARDvC
722	User_722	2sp:xq;3ZJb753jVNTN4zkQbXoBvWKGiAyiaDWcQwg9:31,ooRrq RKE4N:NAjcD0P14JizSdKTesPd;bmBbMf;0t7RnbnlUWEqZ
723	User_723	saPM bA Ke1k8bLi:0kPA6I4DFF9Th2qBy2BP3jKknCHCY;AEAHHNqr5QYzxVt;bdeCYnK0iZyoOF:96XpCK7VAY1sZjEmiLC6Pp
724	User_724	MUSUQh,QJvYcv4fMgGjKWfxyYugYkFu2A7j; TXJv. o4b69J OiaHvXSbUFUWDBovAU6QRChk;oyk,aNS9jfTtGOW6zmCMD9jjv
725	User_725	mPm0k QymKNwg6Ps9XqDl S,tcOduvVgnTmD 2iJo 5aw:sAd06s9Hk2cvFF4OHKtaAXyJ.anKjTel2.BmUqM49FLrfPerfDWI8B
726	User_726	Kot0dQ5X2rIEhOG:3XhDZ 1Cjk;XvZSl:9rHNwTV6ruk2:mx1kowOm4UkoXj;0d6cQgEL0Hysy5H:AAw7sCg1aJcxTCQVR.K5hKC
727	User_727	SDm9R:MvJRyySRGWINjaZ9Zfodp,WsxbHddGo3X,obx:JGAVE4spa.0V4VOZghKZhFE2VIDrDuu,uxhqYHUGuQyKzzYA0CitQObr
728	User_728	vLktDRtlGyqpmxcM79Otz;XShAykO:7daVOw2f35e0SFjNmRQ3Ua7jYjKoD9EgRfqUfvWH9Av;a:7O2M5n;Hgjzu GDZ9UEBcsPI
729	User_729	p76VHNQ5WL1zEu0.wR6Z9BHSYnx36PKEG5NULZ.EwYHgojWG0TaTqXO6X6vpKNRzxNN77nMb QlMIHKH1om;tGIEFltu5aqASRr1
730	User_730	tv57KPjXrPAiyqp;bn57b9pj4H1xPg5OlFhqIHGS IbfZJVKTxRTHgS,JC5SM4f6psYLrrkmO,rhM;kVzz1DyjXZLKiJBnAb0gU2
731	User_731	G5byINoGowa;E8CL cgnDB 2LsLZrBJGiJVGe9aXCjTuV:wNSkysIyVyLHB5W.nyzkf.,dI70kcQcI.J.0FRpr8,31MkktgZz2UN
732	User_732	HU 2QOXP7A8aWMPmJr03m6KUzry7Ib31UQ9BbsyuP4voIv7a8hPq1Vksjp56rhDoG2lM6BqAviVvHTOaW4:Uq,cV:V3zPyO30rJ5
733	User_733	vs14pT1SYCVki;NlaDQ95UDhKVZhA9fJAxV9rfRAPmPrulCbWab:yww9:kUivecXgTNb0Pp:tw4ma vNeoM;CUiPkPwe8C4hvF9B
734	User_734	YKJ.TrXUhbcab99WWMFUtLXgS5,.z5BRD:yRc0CaI4IShTpS5l0QW9O iDOmxU:vTgwCmoV msma8lxZz2eWPc.LMs Yj5.qawOU
735	User_735	XNpfpy Ksh7hD88HIVj2ffQLJdnMEruyQ.5XCjWr.C4.28U,8h0;,jLZ39cgAaRZh0gFK6BOpHNMwBw5uzOrcciW xJURwCZK7Ly
736	User_736	VyG6oYoY0u oD.tjuENBZcc4M6lq84yRSn;ER8 4dFLiYgMsG,7Y4EfVBaE2CcHAX xpje5lNofq 4bHRbcPu06Dj51d90I7Cp A
737	User_737	cXFAx:qunpci.6pden1bxPl.7N:4BSJe36GAwmp36Ocb:KTLRdbhe4Sgm24JfVRTJ2ON;j7NFI9t6:vFTg7pXl;18t34azbvQ9Xh
738	User_738	kraHj3r6Mdsaj;L0I2l.m4ZZEoprZQl28h0hrW5tW72rv,jlO8208B0:WIxeWheTGFozET0NUmBRafNNEriloBleA6xPsJirGrRW
739	User_739	205uVwAWJZ3K:IyE9Su8K2v3Vzagkrpa:jjeIQFv32kg.6QgQI3cEvOj.98ssGnC78de1NGEyHff,0HGJNgkt,OGkEBc7HSqLWiR
740	User_740	8enuGcSyoOLcNNVy4, f5E,.:mKGb6oZ5K.2Wr;xg 1HDbo;e;3Xsncd.E,dr::IRRxdacwoLM5JLPSC1vV8zxXVgwUPtoAc:ULw
741	User_741	U9qRxdN:jrMeDeDc6,n1eLul63k8vuUxvqSIjIryI.vyu4KTzVAGS,W:GBGDPTUdRzBeW8oWB6IcX3p0M7egi8fnOMlR.jaGTYde
742	User_742	,z CRiUwZ4wW6Em4B1wwTlVmGyIqlDcGEcrXWvv4kx.I0 TDxhwPcNSuua.e58PPBBm64xCdKEur;;1Ee 9o2JR42Zfrkb4ba0ld
743	User_743	2Q1wo6amQ 3gGo6LEusOJOWBPvTha:OrS 63p:hHyyvx,3lzEMiLNQ;TBi sE1PfquDrtLTv91KIMel.AC9u7KEfpbxTSKq8UFH4
744	User_744	4K9rjVwzI YOy G;SsKc8PRibb9AtZFon0xl;;oPtZ8wlcfO:MYm3 DnPJEeqwlOpZUbWA:3g1Y:aROBuoCyS3fZMzAT5mhm2,rQ
745	User_745	CR7HkvJ.6STQmC.NCztVe8ZS8Bq7JtZ3yd:KJd14g.aVsrk.YUmPqP.RX;A J8f7ZXnJ.QJHVFA56Wb.uyZQE0KMkDEJ1FARH3QV
746	User_746	gLjG3EIa,Xu.KDJ5BURKQnkVZ6zgv6Dndhl hu.FD..szMYrGyq;L,XU7k1o2wf8kRuoB0ohRe.6ljhUp rWIyI7oh,WVM29mG.Q
747	User_747	taR1mgG3KOT87KlDMeurk zWsIGmV:m I5;kgjJXwx0gsOiDVEVyMeJDLOi,M;tVaFTTY7q;49l6znYztEKl7uREGEAwpu6Hk0mm
748	User_748	NXld4;RUSBEU8AJqH4DcyWKlViGrF0KMwUMwCt1DxYhzV A:hRXmaRxO5EtApqce6nruR227VElRNMSbIsbUpsWK SFswrRsbOP3
749	User_749	r.usG.7x2m88KXnw.u6 FNjCkUqv7mxEo;rGg0Vfrz295qlcKTw7Os;M23YnFFegbFnqzrtnu8q,atDOVUft;c9lTYT2:lDdyfOZ
750	User_750	0zypXevWN0dMIWfClGj:dwnE9AX,Np:3TAhLXyjXYTpdw0KEEfHcL:PwjNzSzFJICbqTUxATMxdeZA9UlFDQKFMhVrXIVA2h3SQY
751	User_751	2HW9Tg9rq0.Wk8BPuGaMNI0 b0T0j;Fzi33K33wxSugmX9eQLsOZ2lEMFpfEL0deTJ5YPI6llQQYyZTGP2v7,t2yjJ,,sYoSrlM1
752	User_752	iSB1tvxHw7ngcdztfOmJIL2gM2AsWOXe0AJ9qKKuhzfDJvx:yg:5 :XnfDaqwIGN;kQ DiIjNxKk5df1FUy;4bTKZVuUcKyG.d;T
753	User_753	31FLJt9ub2C9nMO20WeJ2s:VlRZ,asPj.NTghAO.EB1GQrDyI1Yh.iYy93NPWoEFvAfmBgfdCfQoGug7C4KWMIqLCTuB8y.Panpn
754	User_754	oCV90q7eQYM.qQgbsdjhxiINb6S9ZYwkM15tQ81IroHBXGiGANuRLq4fMDvqC1jnI.CjepN:lIhCjV03vtA,;8kLn8F5wyfHOuw:
755	User_755	,5jjEO ,bPsJenYWf wWkD9g;Hy6m:5SHE3oiIyYm.mhbNvDaRQSXdHgGZa.RW67SklOhMbduRhTSC9IOAO3wgIIpXOal8cg5dJX
756	User_756	OKQZbYGtu:ry35BaL5OCDDX;J4PuVIuiNBS0q sSbiUu0n,VXCJYneUYuSa84,kx4HB;vjk0;7Idl;BSpzW.L d9ESW 1brjp30n
757	User_757	FtbShB1OnXz3DnPzZTSoBVCL4KG5Me;SqA1egVB3zT1Rp JhCcO9Yh8X8sZctGCgmWOno8plkfowL. 08hFijdj; qTC0W7g lQN
758	User_758	e.:fJj 6lygatWvOq;uufvHYJmEKs;2oajVXh06qOpTyXze pu13N9K;sj7AsR5AHzJcjXAB.cXReR,Cr9dX9BgWqtEWP5oCrDDu
759	User_759	UBJ:RimB6kDnH8aqYRLK.C9S40k,Ro.r181ib:AXCUAFMP8 c0S0e3a83xbOhXvt:J82Og4A;h dWYAR;NvfnXJRRywSV79KGGeX
760	User_760	Zx,opYYIbK2FfNSu9IgIBncWtfG2WQs8QPhQ2YDo4LeaDqRAbmW;5Zvod4DhsDHFNw,llJQB7Si5s67IcHxb.yTZLjFEgs7acu2g
761	User_761	,3upS7iLOWy:Sjm:WFzdCqmsGwGUZ6qmHA6u:ych1FR8yfHE.BFx ;P3Z1gm8HU0AiZRi;;zK2; PR;lqpzLR7m:uPbr9XjHYbxH
762	User_762	o8 6qaPtvW7NxpM8u5u0ePFWp3ueJ.r,Lpq13R2h.imabFEDv9zAcbCtX.aJNtf,8URlFL:l6acXkop4k:hxqJyLhRskczP5rxtj
763	User_763	RFkGhsKaukXN4RxfDCfHs9 3..JglcZWGa,e69l:2bPSFX.56NMEVyrg3O:FrSMims8skXTSZ8dW7;yXyQbv.;s6htFQob4o2yu,
764	User_764	12jYbkW9PZIbNQFHvHf90GDN:OsQCcIUMJvsh..PkphJeO2epiaILnSKf3z8R9mM.c2xRTUVY,IqCBNsI9kCjkRKJY8JK9fjY18m
765	User_765	l5T7Dckar tYrssLcYyNyFlEhyz98cqLNJGNk7UOSblNT1kQe05FWHboBwEq7V,46a;H39SXsGgWUHvAiw5T3OB3SXRlSRLrlC g
766	User_766	XE0sH2Fxy4awdhbo2Cw.8ZcuujPkOZI:Ml,zaA;YY5S1bESOLEEzgWsCabY9jhqEFKXyuY8PAL L6P.GMvmV5cix9UrpDW79KNKq
767	User_767	odI4k7H;wWbvcrskNe4Lua1HAnQbz;NS57yN,ieaYwd2gTxma2Ha,XUyROA793EAWNIXEShfl4uzL7Vi.:Bf,:rKCxUELW;X bf,
768	User_768	DjA;HxMF2n4chpA42yjgQmpuhigp:Rn,Tu7gLD.lEcj qudz:VD,9Sax7vRlSAJ5P3dMj8M9ARd6ZHlTpwnJVD,lZon;9Q2LxbfD
769	User_769	ZC1kQ:l1e0sArQefdUDROARHHHG,vspUivI2WU:UCXAJ;yXysay1AFSXoAZX;.SeYW2q rt;AyFQDi2.hwF2SrHdDIOEJkY Tiza
770	User_770	Qz92:37lOXV0noyOOTxsAn.McoefSWMlyo4zy.nS39PZc5X2v9oiRS5s7vHnfhmXCZQB4MItk9JPHD:0vX3x2uVW2gb6PpKyb0dr
771	User_771	Q yMqkPFyCOQ9 yxy0cNH2OH.R4LabHCBQ3z85kcQBTE8g0PeHx.6SmzX:r7rm2O1,b6Emmg0AjUGjdAHX,lVrDBjVnzqBLn5qKd
772	User_772	6Cq6No9LKvnOBSWuEwvXdAy9vjBo;1qw2r.0B4kT78yjFFyj6Qw6vu,VWvYO;s.s3OseUDIbrvKoHGreg,5IU0uTe5S:8gm8vwQ;
773	User_773	A9fP.8eHjOe4:BYPwb:DwxC24VmH SAgVSi,ia8,.VWV69yPgHKAJh2xXy,bD;O65XowQtDQRi8bYiEh2R2Kbrc7cOF5DwGASP 4
774	User_774	7.opwWcFTDVgx8pvZRWWAR9Kwi0kt. ..qIbLSWV,3jf6aPdtepXgVdmKUrnijq9aj4WYzHKfSRXK1 eSvAe3xKdy2slo1yGy5PW
775	User_775	n2ZDpoYCPkgbAy.dzLemJuK;xgQv:MVmH1UY2tLw;IT;hHuPwl74ESW57PbWAWCEKY4QVzg.cggg5cre 9;CnjC33l2d3WcAo7Q2
776	User_776	XYRNrDxTtYsuc f6YCZEVm1j9GDge9082t3DhgY2.eE82;qos3QbGnItcV5HzWeg.g6yMBFKPkYKv7bqZ1xFT3n::rO8knjnOkWg
777	User_777	QZObHlKV.xtM:W0cr46tIwzZ,1kz3 0l5,FoJfXTPqA8pbW ;wwsL9zfE6pgKrUSuRpHuWdGh1pM0YckgOej95bqqzuxXrNQ;5EE
778	User_778	Td9:OWMvw3O3uFiZs.YkpkK4SmvqPJ;2SXHg9 7:ae0O7NJL9,mj78iJ,i0EI I26,zdmq9T;0mumBZb:xXdD59qdhYwOiDug:gG
779	User_779	o:X:12dWqE bN1WlFC7m,G2SbBSjNTv8cjgnuRsLVzLk7ZH lmK;gaYFtvivq1sGoEfsJFkwm:vp,9vbEFzvnoX TN3pcRuYtMme
780	User_780	7yDxkmRYNnSnHHxxiz5ujADLCnZRTDu51gDFya3DIKBpRx7G7d6wvbvUaZvKWpbXbQcWu1alSuiKXKd2sLen8T;:8NpsaFMvwaLS
781	User_781	BPoVIA,OrDVqJqSKUlizt6u:r7Fw7xdzFETvB3txbutCOWAL Jtl7Bm.,6RC4MYzVLAT:U0wVbcn95PRX y;NQn3RdX06k90aMEi
782	User_782	lWXh uR;w9IvL0c;haF2Lynu.eKu9o ,sNs.LBnRrEhLnxKkk0mb6ARHsuAe5PT.XyDcrdukA.LLWMZFekzha6m6k5YNtNJrZrDz
783	User_783	4jaUffLlJ.lz1MKeyhJ HBy QC51H3E;9DQrutY3bQ:gySybkk2PUXNFVUlJsipp:pu8n;AXFtn1u.sWskYiBCqbylfQHjAHGzm3
784	User_784	InlTe4,yHM52pKvYX8i4Nb3pQXG7xGBsOpZkoKZ4XXUwLZEBGNi4flJs3;X;G5RNw;LblNiIiJ2nq2wLbbHmrzJ:Sfu6GmmsKeDF
785	User_785	SM5B8J.Hz7JgZiT9o75pLLIhv4xUcsqLtXqBdW2;:jxC3JHD8OC;RX;Gdlrd eoqcuT8uDl TQ23BN.U4BOphHfYq4ByoeT;rAtH
786	User_786	,2WVJRvTPy77TfgvWvd,UgxGgh3m4DBs;CeCPSHrrMrbAL4r1m7tN7,cs2mOmSeA7ezsQEc jyJSd571gaV7JmiH:O.v,SubYduz
787	User_787	bepXjDu9ZHjYkuvZ:Nkiw0MeuEMrPissN3b,O9zBMj p2QyYTaJuvFHWv;pWuHku1ynvSJdecX8cjJPdcfcNTaCPm8LMl8FTrjd.
788	User_788	Z:EahPyN03rWliI ,Fg4GFA LrAfQPPKlGaKgMkNMmsvtKhni9Sy.HAdddl8yoYf04,V,F;ZixFbwUUZPqH3cpiDvqrDIUsyQyP:
789	User_789	,qEM20qxGr 5JoIWXoBNA878XxEZ5oyqASQ,gXtFU5;BlZ;sBH5EL,9BPGVkcJ,7JsC6PdZY:99Z74xZXkXe1mq: aCmT7QBBfMS
790	User_790	HF5HhLO.EFla5a0MvJBEFl;gIZUi0PCzAN K5N8Wpbs,S8,EHIrzqGU1oNcs56H:vKx79rfSioB:Aa4,Q5xn2uPY;mC CVYNTeda
791	User_791	KVgIZJbft5s2zW9oW0.bNL6hw0K2I7Gm:zPqNSny:S8U5HY;CKSGMFR7Gyl770sMDcnBgRy,kEArDlH5qfPLTptz5;GS O4wmy.6
792	User_792	y9uMXoWu04aSTnQV:aKzFzzgNEMRmh4WZfW4LvCc6V21ZJPVfLKxS56,ByhLkcooOjc.xzCSm8ntFvVY6W S2ZgGnbazEF;3q9H8
793	User_793	rr,BkRaqIbQkIojUXIGrATNg4ry:MxbcEGp;xT,lGd0kn E i1KVKfWporAjBDo7Lsz9iFf0fc6MfTZgL2GcwiEzvg8xn0i,9YEy
794	User_794	3MVAiU:SbQO6BePrm:9ffDGAGD6FpNz ,AeOgNyjTpWj7rE MjfqnpS1 sA6zIyzvfvKEY1FVlzdEmNGirFbvdHF c9Wx..MvtaK
795	User_795	4zP44S JNSMrauYwZn5xcIBWSYdZ3N0j8tfZ2TYfU0u.WMCuNRId3rXgMgR;Lvk4SrnyaOww.Jff57t6X39l Xra0bh1w9owHJR7
796	User_796	lEIIE5GT3 af2oGo;TmsRZTqty1oKpfA9N55pV.dLVVCTwi:dqOpY1jYwmIqLmeocwAKdEMc.U7cV03JPg0 XJDs8trxb2FFeDqb
797	User_797	wDvTh4OcgC,shkpf5jWcqMcF:iYZZ6E.gN0IBVLMhpFthib.IWUNt8 ywR98FLOO;NBl.8wmvIPbHj:rQuWe3KLQQW7wMVyAlvgg
798	User_798	gbrza4l.GoZQ5EBuZaKqXUXPucCc9oCym7MF42mztk182f7Vd28LtNlGrtAJKKKLNzA.tS57SoOx,NTQiCO8 QPBQM;0NxY YlT;
799	User_799	OBHo;HKiH.fw5twemiI4XZ6VLGg92uAOuoj0E5kUps.Ee7J16P7STYBsfskc97MRYlGsA5U1,YhdUkTlZtMZ1H; dAGbJHGCwzV1
800	User_800	FpFCO3rNNErtB3KGb5UGJquSwmCBy MZmyvp1ZMpDS;:WGTjf7S:5Qhrkc.3fX.Ae4z 3bnt3fdxSyp3HDBKAExPd2wu:LC1BQeA
801	User_801	zJAMWst.,T.fqrrfbvmgPN4fIZHjMA3HL2t.WjtudiuqqyCexRKplveW.BDsZIaThHYEZPpy9Y3,98dO5DrqR;avYLSfi.;HMFvT
802	User_802	XBm6;:TDU8q8uWkqCnD8WHL2gEJ,QoX,niLN8AA.tX41.Y7ce.W:3.o7cuT bdhRCI8DFfBF43VRjycIswl8:CfOBKgG1CN zZrQ
803	User_803	JI CGnz8kbOO;,PTjoEUAL.AW Azv6jcvVBWk6NFEUYgGHVKCJKFQyVV9WIIeXvbx:;psAjTYx 2xbVwlzyul0s0CjVEQSVrosRv
804	User_804	nHeFzVGePng15F4fJcqqyMhzjQLZGmdlNL,yXPo9gI i9s49M685gSa;kVxWoXun9IHKL5Da3z4591mfF62QjvWUTTv0lUO :DTo
805	User_805	PXA DJWmvQ;g;ehQw:WA.4 Lv4T8R g2xlPa9QJEB41yOCW.pYqVF.oU;vu TLuZbRhHpmry6kF9Ai1cuzux1c9CRNNeBaigGM5,
806	User_806	WptO8BJWm4Y7K:4eDrTRZSg18.cDOA675nJX6uw;gPH91b Q:oFY7qczzlApwW0Vd1Hcdwf93HBnJfTfPI2w8TDwg903j;L67X9f
807	User_807	u5f22mrgnfL747BIMk lcjv:I8hNrDcq3GrGkhk4ez7s57zQ;c.sKxK..RAV46TBs7g.lz8Ni1L8OFur6SFMX;E:Q3Au.kyAgzbm
808	User_808	KmEAmovVQD6a1cKa3vOHm8SRor6P2CEinwFQz5o06frdnDjfqJyRxpTGH:ExS:kaquWW;gYjkq8svnd8TALEbFEJ0:,qoDRFuwMt
809	User_809	5Tfx4qj yBWTidQ8 lY ZlOD3uzb;bKMKZNt2BaX7kZ:7PMAm9pYK1J1.OkbzRJccp.SmDhqJMqhZfZ7KUSylgETd2QlSw0z,z:s
810	User_810	;nNHS6DwuQbhfp3ytaPzzwJJ9suwIcYRO69:GHfWwniZ.YGOZAs7ca hnVTdkIwsc.uqCG67sV7S V,9icK9cXwS8reetMq4I5 6
811	User_811	Wgce;fzLMdGYcFiL36p4XpG.,OyDSaoPQojVp,R6XSm 5DcA.xB8Z,QzOA7jPWCQ.w1HU172UlHy5e8iiJwOqJ:.5qQvc;0z2Wqa
812	User_812	P01NFmJ4K.lRpmjAG:NX,CX9OTymKWjB yM6BZJoTU;tEwB eYTTO80tXAM5mIJf,tp83sZRRGfrDWaISgP3tGCjeHxH0yhJZGV:
813	User_813	U gKtrFQN1PnPYKxskupHPTdla4hvkJtyxEqlW1lT0,uZht5j0Y,CvCkvoD:ur.qC9uSQczsTFgo:5Y.BH0DY2xuSgqaFoZT3nDO
814	User_814	UOyPt:lPfOC,nY6Hw QhWmv2KB27TLgLmci2e7Ga0EagSkd0 fWdfHA9seQdRLxJVdxA41SHbz4n:vtasdtDPQoD;V3anooFtDBj
815	User_815	XyPqPqJLjr8wxLh6j0qSrfZSwtM2eRnKqVDQ;;UNj48gI3xhOUMfBIEAaAk0tD:XPBx1ALK2, nl0ttVUneG26VqPhXTD kvC;iI
816	User_816	cGwCTfV;ptKEhc:FgaHFwXRD1o6Nrw5NfKG54gKYjzNKY9aY2nH:de0gvm.KVfEVokRFWM1OGH dip371VyZ4FxLEpkv:wjM0PUz
817	User_817	45MJejMh2E,CaOJlgdazXhI4nr9q1rm4gM:XHhWEtQwtoa4ybR;NWzf;oKvDY5YplWEojpOe3Z3JKHshWuVGLaj2JlT,QpNFnRxf
818	User_818	YAU3l,uGCTxn3iNzSF9i5O.XZFG2X.GuKEMGT8GuyYqR:QDA.n,QU0GvZHn2IPkKnwZK0Vasj7QolzbSuxWv.9nTWCdDVfPYMsis
819	User_819	ASa8Qjz.cQGQbRn0Dd8;YihDJxmQiUW3UJu0kZ6bUk12YWJgcYZlO;o O4KOGG3.RMhYh.anVkTRDZZpkmAJtVtYQghCgsGUaw9H
820	User_820	JlTeAU58ErGCRR63F0pwEAL:EijYm:Wqcc6qECmGNISjOgSITIQOp:yxvNjZCV:;Cd u5nBtro5GEt;SprsPOR033xmcDIhJnIt6
821	User_821	DP68us59bfdUoBMzqlzuunDZMloLZc,oLaLj5GwBL:B9E;Z,Sx0uGpBKGxz9CEREl3CWchZaB 8QK7LJ0ss2Pl7,I7cj9vI2Ru7.
822	User_822	cosWnpRaMAy.6,WMwC289MhwoXS3bTghzqZzEdmIJs6s:tl;:3bgT6W r,cI6g;FsNT nLna2;S1sTKUU;QbFGqnrhIKedOfH47e
823	User_823	mQnf9VCk5bgF45fg1 gCB6HigrD:9A,HsmMgOzkfkoIif12uUwJ;Gm:G.X5Gl;NIFdPguL6tOZL8ogXm71ZiZ4j85w89wcEitwiy
824	User_824	mjuQ9hk8XLnc3M8Bz2igFQ :OXu5.YGZF38d8iC3r9ycigR;Hb;xt7,lxIh8PBNJ32uR:jufjlDmplX.oSRE.bElg5tvMlI8 OK0
825	User_825	,KsAkEDjd8PgZvUfYxhYdvQM1Z1Bu;lAaexUJxyEclz6zzzggY,eBHGRZgy BrFXKkNCwrm5Y0d6RB 7W4:w6g5P4gLhR0jIyz5m
826	User_826	RjPkPnlFNdcnAyQmbAlQN1KJ63:DccXPzEf:ACClgiFkXh 1brbHi5,hpJyl0ZT:d:JPAIKrS 7p. vFw,RKUdW9xGe:pJbdMAfN
827	User_827	gp4VaPh606TV2xb78djMM uwHEAq7TkgQy4UKBNbNc,HvQFEWbVXg5baUy5PskpKUdA6.3t,HY2oxnYTa ,Cl5ZqwJaUuCCISF z
828	User_828	G6RHAMk:j9F,HVmZDbdEL1tWMTAEx3q5zqm0TJFDDA3FJy38fLYvrXag9RH7IX9XZcjXB61mcXInAI,LWjGfE.VKVe:DTCkY6PyW
829	User_829	25yxl,yH,ir8a03XU.zFjslbGA zE9DPM59mW0NgRoX4i4 YglweOJJca0loFucYGUip.r8GGZ6t3gU:cpGtW,gVdrAJLLKqZOXl
830	User_830	 D7Ph6 opvDr0WWf3oFMMkT mqz3lZ2U5fBA.tBmtanVeqyPC1lT ;,dTIFZram1abB6mZ9zWxDS:x6aEOQjbxclKBJZd2Wv,Iwg
831	User_831	u0Hy6XB0PffsAbHU t2 cuFfZ3ukLGyDW;1.RcAGvAm3mj88htnzXNDl8niPG 2.1qttqGijLjk2OSdE;W5DgMs2nA1lIInVoGIl
832	User_832	Po6OC0RhdRjZIBnigIE2oGMN,kt0zk2Au15SYQ6lrU1 OtRxjfdE9hOEy1chnN:tsuQ0KLXZG5I,cNbScvR15h6Fepf .JYAdr a
833	User_833	.DLv49l;:XwLQfTzGxutTW:SVx0ESQcNQ1R6s YcORNQ5sTCQxwTFMYpXb9Hg6s45o,.rSCFa2jRQ7Ov0j:cRCufJXz ,.lztWid
834	User_834	,EGZmIw9RyMZBGlrFls0MBvIZrUPDuHQuK4Z9iP.HaA95C;yZYVZ3pxkmWx pG,zbAdt,wN6RyvJ3TOk3ZD8cU.m5tR1RAmlPAjb
835	User_835	7Rkb8nQATOcEf:mdfGhohe8S6H0rnuvb2HSXcRubQAc8IQNj,vDF8o2xoESK:GF3cyVNUKs3k.NXwyyebyropm26RV4E9gl9tc3v
836	User_836	ul4wLUi4IUBxWub87kzdQR22SILVYj2QxpB0N9LFnwQGHxS;tLrMAxbVOwF:b9Xb5XQ8Eu8x8diFdgB;I:01Y8jiZjsQIMYHngoL
837	User_837	GWfY3fHbXBMYT:kYbawjaWdbD3AgnfrP7nN29caIwy8.YDOOM cDlXcIwRMMztSlCzbRDSLmP 7mZ4O675sJinV1zqgs9JZ;gIA 
838	User_838	2kDcpn AagJ.O6LZdrMF4UyS,0Fd1eaxWwTN0lqMNbyh01UnrTYHGBO:MYlF1jrOS7SKrJASt8UxlsoUZ OM599dh8hCV 74Bv75
839	User_839	MQ:7pbgYQV5Eh:idNTFZAieHRPQ3ba8ILJLxg0moJKPKBnp;CyO2jHPONFElV Vk5VJS H2RKn771L21l8m,4tuGV6qi:ASJdpDu
840	User_840	8YFXcButUpa7FK4;5P4vyriAR9i3UoYMJAnCRm5:tyhGN58LxDwb3d9dWA;LB94u2wVi5vf4PIEdPJLwr.zdNn;Vm6jWPc0kERYC
841	User_841	8ac,kRNodLqp.ZA:6mCOovYSM:DFjsqo4ESH:mN2N,qz 0Lypq7MPFs:majixw4 O,LhIhUe.b4K72ofp3XLZlFFlwVT139oe4.C
842	User_842	eIME9Wd:U5 p7eVS27dJrnn8wvz;F5MOwp1;,EG:HnrvaIkn;u6tXMm7xSP1gE;2217WnbyUbB.19X6iM4rHTnncK7H4,JOfd2Hx
843	User_843	0:bfP9mX:60Uc0HGIOYdTK 2AZJA3uB2FzPnhPJY,Yz17TpL1V6Xvip2o11KoG.wtSizyw0DTvb.,vt29v8zgp,5nKQ1cPwg5zMe
844	User_844	mE7318D,rgVkm7K7177iS3JmoX567xv7qOwCaLPZZ0uaprNy;hHIbfJrxmwBAiPLByDjahQfxUqOoEPZ,0hk1ESugFnhW6oZz78e
845	User_845	od1vwbnn3HvQ86X66eHbST;K;jLH 9pNspGENgp8GYId,h:r3pyyojPQh5NM;RA3cO3oKT6lNf eIWfBn8vv;4DODe9D,iX7PKRB
846	User_846	0p90Z e:6x.QT41HEi.dN:Fr:nYUzXsGbalWMCz OHuwC T6VPzjOlYRaa8EbckQ4 S,66UzCxsxw05lQK hDSg721ftju1V JJP
847	User_847	P8BWrL0ZWZVPYVk:WgOqATvHiUHQaz:4lAe0O2f2sM0pbNL7FfcI3yEy E:EF3e,XVhne76HUtF;bCcHnuiA.2B9LEvzmQ0juG5f
848	User_848	vcffmfDpCBxw2mj.s.0iCEroWgxEj6zd9yqJzwtRhC7TClDifsm4Gp5gZuS3FM2a9krNP5mkwd8uC.G4Vl8OS5oZrJu;kZBX4Kfw
849	User_849	WXMJcHEwt7wh8D01n,P K9;9UGTlFz8pa8:OphRvI8GGHrrFXHNuTOWV.ZTlT1RCWr,SdCIIi5c2x5VQjB8RcgDiJeoN49:5NiXL
850	User_850	tCJfqlVK6j6o8lsJhRWjT;3gbcYTmg23nbS42;KwBVSUGg1gb2uBHMLgaTYBrzBD:7pSAJJqy4ONW.ZqqjpTlYT8hPhAj:N5sSYs
851	User_851	0GMleAQO37VQJxpK3DGNoOAhWVp,Vzm ipt;W oGiUW:4C1KExnu2jzidChczLN8GMVEx1tmsAySxzjoC36WiuECEK7a:eZYgq6t
852	User_852	lepspk9yv0amA:P2V7YmypCkeSxIwP3Ftq.qjrAF91tgNKx,xen3P1eH6fVlA9feNc QIUy9Uj0x9oxNHh2JNC1SaPUFHK6,RUTt
853	User_853	RvMCZtGNCxgLyGpyRSwnYcz rY 45pEoKPNy8SGK1WBxj5uvyezoY.v4MFa F,;APDKhLW1NUluqh0q10.JPn9Fg02M;Qq:Z6MbZ
854	User_854	giIVsQHOQIZrAwDhJwS2m6yXohd HVFNFXE;Xpde5axBgKfdfprPHpKeE;kCOxfh6bz6BkfaWyxU9.Gc5Cjp:gJn11G4aYaE9sOf
855	User_855	Keg0 tM;PE MIi9AugjwGo07:bVpyO Z5pyDq L,fUv;NYYkDS75UYX3t65iS5;VJuu5cQ:mXV W6rSF 9fE8z.o3lw12vNoQSXd
856	User_856	Kcnxy UvtznHkAktfABj: xQJRJhAtzj beks9eGo; Er,2VkZEg106:alUATcNGmNtg.hoBD;TFQZ6AJzJhb:WArMY3X1J.Q,Q.
857	User_857	P84rKPEV2jW JTHuKoXpBgRVDK3dHAsLKoVS3tnS6wu3efskroK6yQBh:W3WlUAQZuykr47RkDlCbe4h.7tQ6G6.OZNFHg4dn6fl
858	User_858	FbVIpyXWEwHWyd;Icm6ur6p,YZRo8jGTi8,;zvWZqmN228AyXbn3xNyqjQq9972IX;B4CAoFmlAfy6KqLCdGbnHMuXA UFkPqKcy
859	User_859	vkJitJMsUSh4G.aZ,rWNZ3o Bk:Z67kL3zj.d4w7;.syi vFUQCoGtpabK,wsCMgG,wKW0pWO0Xnl4YGcAQ0q5C31Nq.l8jh mSC
860	User_860	tdy7llU:KK4e670MWPgjF6 qiBKe4aoGm9rBfQ9 2pU8E,PEw6VeJXevbSHkUC;y;WV6.1WG0CzxvlA9LXclw4V:OhxwWkjD2kPA
861	User_861	ckud6yU05eRrJ3eDilW:8dJ9IgOwdRu Atjux0IOh,;XVeKujbHP4EzbN;xbRPcj.a:MobzSbMaqy9UFJQ6T2zIZabswFpJRTzjF
862	User_862	9U0SRJ4BHFPLvr ezeC2FOVgxvQg2zAkmT8PZcK8bO127 XP0fRneUic5E9Pbd;,:Mih5DemQHvUHycFIVeEJQUkUvdwhlrMwaDN
863	User_863	G8Oca91YEmPNWBuj9H8 EeE6NPpinG0TW Dg5wlCW,O7GR;l2ot9IFUdzebjJmI0BG.JqKvcKf0R AOErq0qlWV8gDPIWxYvzxi5
864	User_864	zacnQ:fT4a:CUvGQL8f8CAEh9uEBEgSKmCUfYZ1nqwGBh9;V;5sWRxA,A5kOKS:Xm9Xlc.0Qx6N5Yk,pOBkTs84O7FxXyo,Q6;j.
865	User_865	SgqSjYikVve:rnUr.ergjZjSoEzeXaJF31mM3lFtyIvhfKjdSeCt;LpA:RvPV0: cr8bjI5ZrxkSNY87Wed83k04 3Iw7NcqdbDi
866	User_866	xInsGVL3bxZ.S:t6qLaj80QlhlBMuys.Oh22 lRYrBxP0M3f,FpPpwEvU1ftTZEhMu WsDNEC4gJq7 ciXOiXNaviO;5FEbde5bo
867	User_867	Um34m9;F A9ztgkI3nqayQ3uoaBjtbbPoELAdLUgkbvVZcPH NzpTso:OXedmXQgmaPg7J3y vGS,ZfZTu8NevyOYcUGfntiF00u
868	User_868	ZLp:wFzcmMojHq4iRTZ7lF676XS4J1curbzVBiuk9;gGidenqdRkg4TyfKU,d,VPqei6Hc;Q55qZQrwFxLEuSbiPN0nnb UiNX32
869	User_869	05jt8.647muSK9TTRU0UCPLuEC8BkIshXc54E7V2t1.6n2nhf  AY5eORDKU5 xwGBkpZLn15W6iGMA,d01gQnc,p5mnnRs1Ata9
870	User_870	3AOmXOP0EBIFxrlRTY;6CX5 V3eBEQ55vLV22JrYQFT4Ij3BPduhiWJ0D.AU0dic.LGLMX5irS yyPAPnue1hB4ATTDoArtiXvEu
871	User_871	ay703MHrFAZWaSXKKVvpXqLDZg.WqfB8oy.;RAQGXDqjuqeuk85eik0kk:eixkKbe36d:;L:B86xAWjcN6;1IqfW2HkjCYcPsOj4
872	User_872	W,.jRGKoxod5gGUn:RALcLlaGpkd1T JWD9BclsawFXKO;y7C49ksOln7PCHjDqZqbtK:YHGQqgSZAfVB8fe2HkI zaER4Z8dKup
873	User_873	cQOzpIHggEpMhlqe6j9Iud7812I8QCZrd,peVdMvEHCInBHUp8gqEFcu6.gjTfP4WNMb40gUMdUn4bU,x7PdqblL;AwwqhLgvCP 
874	User_874	tDVU:ZVW2N6QcXDd:0kbm,Ey7x;PBYgaQg1ulyu8fuYcJ8h24zynsgU:8 ikiTwvMW  l.fMjOOWrCnC3KGWCQ30RhZ4qV.jsKH5
875	User_875	oMwnXOS9,EOKF176Yvt;2b7v;hfH8JTeRvWcquNoMC;p9;v5SPb2qgJ,LUlQRGHi;3Cx5pAPvFShbRjnGMA9HP3Vdkp,7emZhJRc
876	User_876	SVL6whqGpKtLgCtbfePrv.qtD59 sS3m HGkkZHCYpxSyTYEvrjAN:Y8QQfsI2yAzDki4379.s:Wp8lrowYtZrnu.SN0JoqixPEu
877	User_877	e,TXo9SvcmYBZcWcTeJbCTi:II6xXHm.RsWOELwyz;:1:lSmDlecRczdfsOr9Fcag:R3FEX7f4yPEJ8vTyDmxF7woJo:ZIh ,FoY
878	User_878	H0IbL12bV:dWOyzXaQF.7bkMdjrVTSa3T 25N325MqWCjHvwAbEOdPu;j:rQ4WbmCBE560iQdXV5WC4ProWur9UfqyplIlkkO4yV
879	User_879	QPmB5By9nvVkPDEK5Ea:udVXXvbH M5N7v2oVexiR81U.Ph.WdNh5o22cWkW4qn 9qP7fYH4BtlhJX:lnRN4RPJo0xAE7uaiNUmI
880	User_880	sP4DHompSD wgYhZzfL76uW:pzAc2r0rd lDKJBdn PRp71H9qml8yCeaQBxR:Ppbxl2I3Ma8FZiCCDzT,wJmE1e3WGACmQxweIU
881	User_881	lVdp2vHrw6vk6b.oclZ4FR6rskDdqX3XWugS0Jf1mHyifIC6k78ljUHCpiwNvtQLnAjORHJyg;ZCddw9bWD3CMgQo0FU6A YkIlV
882	User_882	KHoR9 QEPE7bhoCDyjtPlNfIRKz2RLoS80gHmeWYQdVNs5ZfEQxr56WQ3pX5 vgBs79sSuJU61.mc 4h zL6TN5M2 0Eg.28kRB.
883	User_883	Bd9bUHsm.ZW.xWWe8SzP;mtf8tVzaRfLOUTOiQQ0Dq,lM84DSx,KObCfAsefef80w;OrOMw:ClMWudZA,38gyLDe6rS2;EWsSckX
884	User_884	VYzhD.mWUu8 k;n0uiBEzSpoXDimXV6OSjClXOn4lk8iMS77mmFWqsykM0C428FppuVmkOPu9Drk.EJirizqi OsO0N8Q.O:p;WG
885	User_885	V3rK6RbaxdOIIgmXFH6k5SvcDMRc;ffn1,uQ2tMBenfTNDB.9V;sjOvLzcxsut37;j4mMryK8fPt5Z7JvG017KFG:1z30AjCZVMe
886	User_886	NHqD1Q:qcVTKsB TbSrY.PNbmZOB qI9DmwBbcBaGDPe0LZbT:g1mADRd.a5Y4ws w8Xd7JGzCVI6I17DR7A7ywc151JTm6kb.:4
887	User_887	WWPmEbhGMEJmWBkdMH9KYG8IHMhGkm8RQz9FbqWmwihmkCTZfi4xWMxbKiRR2bx0vL8j9woI2wGAHoWF9k,IOYCkgr KDfMWHUvw
888	User_888	JU;qez5dyPiNK0EcbOsnd5A7a7b,Dip5GJlSzZMS:Qci5464KMODg2SLKXV4F01C15,KkWSMGtmDxj6JX4L,4jzn6HZ;9rMo5zl5
889	User_889	ocpRcgYytjq,OV,vZoudGWxLHO0bRDmIC9khkbES8YgowJIgS8fHztI;SFihxHVMgJ.nCDTD3lh0YW4vjG1bL5VgPS3pq1p9Kri,
890	User_890	vYXRsOfdCGb:4WBD1qSTHTpKC.TBTgWlYh;gFx:AWWJN2D6hXLQAhxcocMk0uIpJwHJYoe: SPMLkL8bQWUwIWQNRNLezY4ooNjk
891	User_891	5yrR.KHxbpJNAx.VZDvN4etMZ2.uG;qFiyc.p6FYLkDyvmIadByLBrShh6m,rgCcxk2bhUMTkjEZq oGnkhWm5EiWa no7XsTkXk
892	User_892	xgidE9sCCBy42;m4pT.FwgNuZM:7ZGBGn13HNh8s.vydBc5s4mhFox8 BN;4LsDRhwrkW:5JFho;5QwcQUefjOmZIbybAjgEjtf:
893	User_893	8,7dR96pKccFoXfLb2Wyc,zUurJquGdrgb55Nf3prV72G1;1W2mSPuEmHeVYVzfhvSEG9Lk73TJAuM1f06NueSu9OiDMkzP1:YUx
894	User_894	TSGr4ZVosyz3BzwtzhTupVbF4avLQ76tTm;TggPA9nPh.HMOtN1HU;wXF4A;iDWyA:,o0juYY:8,OSw56SvAH4VP,d7wbvWXkGBF
895	User_895	wQ:61tXAjl6mFGYIojzTmwyp73la:N9x7JfsQ 3JXkDDMhXLFA8,u3x9RZdgBdoLBXgOgDN:E.WR;VWBU.2jMmnsvNzuqf8ysXaU
896	User_896	zhP oLl9fcXmuPBtSrLvRJF;0,2o3AJrsPB0prUbmA;:ZBlqeyYEs66ezkYqLiFRUEns.R0STqTb .UY14z7YnP28ei p4UiOXN 
897	User_897	TOIRTRaOatwXAjUms.30ZBsuo8dRDLB4toDbN06UFxhTcHpQYuyrlf4uSksSv9C871EzAylgtKbX6d,2OpMlAPbb5ROHjKM2euB1
898	User_898	x1OjJw.L41G56CotcO03QHhikJmEpSf0YXyXJy70ZMX:t36Xu8lbmQtNqa4;yjQrZFEfKjnaP3BFL;Zo7hbcqTxjSjB6DVBIz,Ua
899	User_899	d9NHqPV6Xog3xP8N,:W1XxsdOqSVw8snxrho:gOX0HAeSJpaxQ7sGN;hKFai E:Bk5nPIELNTfqn IGk,;FQTEEgEQ4lUGvXXD 3
900	User_900	iHv;QNcIdFmLT462vYv9DrTICNfLwZoB n 7BZg5eYEw8uT8iGWjpHsb9CMh86JguJwQTbdPxYV4SJBjUOqnf05sk8enfpBcpZmQ
901	User_901	p4lgTN,RzYyY,yy4tCYu6liURaLRhGsPgaFP,,ppjXvW17;:06H3KjarIz,qHzLJClsRqII.,B,lfVBpFwkT1Q1yfI43ZIDNH2iw
902	User_902	,:hk34wSsPjkj09S:kXNx4DlXQ4lMkfficB,0fM.YXSuqz.:cKbIN98pjwdD8KijgQfqGm8TXdF8T.b0:92vfofX92xK24qyHez5
903	User_903	wCIEWfj7pRWl;qg6qvhiMtcwRchc1JV4:U.pOP2265vBxnEmSD4hSQU Pawo,dAJDmKR,9GTnqLn8;ZN5CBb:K, xXmLP40DH10e
904	User_904	oW3 E17PnRgdBFh r8.x8coCw2OgpMAfCe;;9:W;DFJtUh2YhO3Cvpou5C5A8:iGvZaKr252wt,rdU15dMOemSYtYQVgHmj1Sgw3
905	User_905	Zr.OLpU8cB:11qg559qYjnOThPz.hdHRgLhuNunhI6qwRy9zLMHtvoHJmwIEBnP.KaqXdR0VelTZ18u,WH6CFy.hHQrkk2KsHXSS
906	User_906	jmYxzQ006IpPYBeG49cMHJInZu;,Y7XJCsxrHRMp0RhgnwkgoXV,Y,x42gVc;,ykuMGQOPlM,4M7SRjowPHvXQkryyExY3Q gvpM
907	User_907	srwIbXAOD.j Ov9MG21Ma0o;mK7uQ2BgiJA7Y5SKFob LuUfWEzOfO1D0rrgJnVMk4S,tAAP:gjAky sQww0SG;soeewxxX06Rmw
908	User_908	Ja7d7tEbD8XKdVIgv1PB5FPJG1xony5fqYTe5zAX4F:5PT86rGrJAXyh:9hb:IVJiBrQ9D0:APe.GXCWPw71BCvJHAm;IfcpN;q7
909	User_909	rQcA8PdR939qk9DxWe 2HNY7Mn6TQoLlF7uFYkCSL50FdniusZ.DnHipeJ4ExW U66BrIsL3UE,Cc :Id26QhrFe:7kDrv;EG7TU
910	User_910	BpFMqoiUL9PX5Nu,wAN5 iUYr.r04hofCrr7BxN UUIlmEw33TpKVAE 5y52ca7qmLDyNo snB2nEN1uFpvZpKM0gm,Ul Y6k5A6
911	User_911	,OLMBaZkY6f8wSimWc5Am8C:8t4SXL;gXk792qxt9,,erJhBj.oidK9h;YCFrqnuIdRhlmCU2hu6zhnrwsNXD3SE0lrLn6:Xpw7x
912	User_912	YjAn31llP6eLlVrN,xZpzYbKKu;fg6KGYZrFthU72 05BUXb;PASZp.UiChwEtcL.8ylb.skEkN FvkkMEeUu5fzX4ndxp1as7yw
913	User_913	:HIbha8DXx3bQ. Kw7avgn3lH cZ3QTgc5vy3xcDF9c5T7LXx8uDg;vjZd9FKwnXoW7TBN3L1FVnw;.6wP3C5t M 82bNkI4x8Zv
914	User_914	EWnhNIt:Kl4zmQvSkh,oFsh4CegEycbSgp8KN9qklYshgXZ1gVlScy82L8G2PVzXs:TgKs VASPHhTihXi:Xd..FHe3Nu5q.CYLh
915	User_915	1Twpep8qbIdMkL1MM3cdI3;qireSzu19C4LCr74ELlz08wi9SZhi cDRLdX5:Duavu.16xGUYAmkLLO IF7UeWWp6AtdXRIhktOC
916	User_916	S 9Pxux53dQ8NAjCoxkY6DZr;foi2QfQJ9AemZ,kOp,N58d:7L0axJu3FEuV0mlLXHA2 s.mt9;Y2kSlxnuM R9W7Gf;m6G377e;
917	User_917	BX6LFDLVwPQ8WAcOsBEoL1,xDpx8DG00:MRj,mYmPHKPbYCV5XRR5nxeYWy0;yEJt6AVd7vGrhgK14kX:Z,CQKQ:mPbQjlf;vc7P
918	User_918	OluEZ P43P8qykLUsDenzmzMsbg.6Yv7xR2ONVyejgyYNoU.zu:x BYEm49:1ESyHhrC4PIGV66qW;J6SW 8XusLMwQDh 7kN Lm
919	User_919	LCyjtgMk0LGq32Dq.avK,erG9;vKw:NCis0y.BcmTGOMN,,UVQddQeg:6XHXzeVqzmQcXW9H8iAOryqfwo9hYI7ul;8RCMBic44L
920	User_920	c,K8arEcA:ep :j:MVG1PwFloqasJdH y.Wdx7OyQhaHmC4 tMDqR5l7m573fSuZpTM,5Ru;gPaUpmJkL7AkLT7wGOjkFnBC61;Q
921	User_921	Awp2EUJdXRx fW4egktB3UbUK;bsm a1oAHLSRKTylS 28cFyNpwjHL6L8NAbL;ms gd3qQX9ty46F8h;a.,grpvf.FTNO,eEcQD
922	User_922	2heef4N2:Te6jwQf,bhY9SEMgtaErtB9Pho3seeyMv5cf6mPqYJQdeMuH5PIxK3yg8nhFDC;b6SHV4.:PxXK6ZT0Uo5ayn81BlOH
923	User_923	lAHVw3VCQ:w8L2YW9JTLsDjO:: o67G2MwAcq5N1CPhYZhRRZLT b76q.vDVN9ltuo7HKekCKpYZd9dzoPHp6J9ICc3ywsP5abf 
924	User_924	,2lUcQVFVi8QKNTIWh9GcIKg58Cbr.DtFV4rXhhntuq2KuCCuGqofI 48ckN9hfwZ8p9taxRs6KGdq3YX9gB5rvnIwQMZ.cm;h7u
925	User_925	CXHy0kcgF1fsXm7oAp5GdooMKz6mf5T5LczXBtWvWhk8ZveW:ASpL8CZJs;iNJTdwcoJnqxF69iv.tuZvTc6Fy:aHYNZOyNo4979
926	User_926	Vff7:i;4;R4k6V:5knd2DUH:M5CMT2WkDQUBwSEnpzGrjazJlybL:5YWg4uf.qdQ.8L2MT.DS2al9c5IMYaOl3uElYOiU;xTCE2n
927	User_927	qjSe:5S.6gGAqwv,CIPGndqkWmU,ycNw5pzshZFJJAje8hY AXzwAedydJ2DApMMIpJlMvEaXDos,F 07R3upurrOLhKHaWdeR:J
928	User_928	oOFUtwS8,FZCgeiSpxwO,j.15mUqBu::L;dav,gT,BSSv6L2Nra;vho4j,nVphmDrrJFMlASevJd9muHwX0y,ymr9KUL2HMp1VoS
929	User_929	v9bb8PmYn6.FitxdMGn:9NE19IInwRcxqZ81 IE;0i18:5L7udj1Zs,RgN.Eo, b37oA9LnEaCZ0yNumLNToVG0IAKmo Z7ce1IM
930	User_930	U1ibR3ViTg,l.nDZ5rNE4Ns5x5RMjWLD7h5RsonFqxcWyBc4gABkSB4FJD8QjlaEOZXj1,k50dq6:58q7aSRKO4GSC,l,sOh.gg,
931	User_931	valXb7y:Y,ZEMf;U3UKJhQhlQ8tRFb4Di;7ylN.CfMfTFaqsKMwUpLzn99AIodQlKmrE48.PUSwCafao1kzQ:VyR8PxgBtUTG5Hz
932	User_932	AZGC7tuiqxGisMz0MYYYy5qfK6:.0 g8kGtkzNMTTnW3gqUiJS1xeJv1ye35LP;K7LMsTs.NjZ.Kc8XTApdyN:YnA9LY7rFbllYI
933	User_933	ZLtaWL61Q3,:DmD:RrUGX5Vi54iBLXgyYzLiorrum x.N5i.QUB2cAtTvkL,6HlXMlgNLLgKxH7FzCqrg0dBdWF9wIgx9yldkXNP
934	User_934	CdRrdsNsU130w7oV99zxp6o,bwUu:67EA5UxZgY7IQggZfdCW5B;7Qrwn2o2Q5dRWpAmhsYkXE38jRNTZFVKv2P.7OMLo7:oi1cZ
935	User_935	oJcca4E1DpN6S2um6hnT:3ejem6gINdbyCFGbZvmmyL.uaxCNf;;0f9UA1fi vQB;QgBcHH17j6X7mhoPaYnPGW8BNESvkVA10TY
936	User_936	Ao,mMocyhJoDAmSr1oD4AiLBAQM4r6F9xO0,MOS5c6fKlyGJeivXRwcbuNMUquo3GZqx:eTKcSrYq,cxD,VlsQu.IPy9k67H:nqx
937	User_937	TjRNajmE7vA6TmBRce3M TsARfxYwTMZ8 5VqG:uxmQaeYO2Hsiq:eutfT6Fh5SrLt2;QZPf6Tq,9pKWms tNtmYKq0GUt:QHVRS
938	User_938	PgCxxxNwq1q,BsMunyfKdSWurm4iyI8I6oj;Wcasup19qF;NynZ;rb8Jrl;:ATQ3rgRpNXNS9gP;o7zxR0WAv:iomj71iXTNT8Jk
939	User_939	vv,llCIB,xavvDB6uxfas.tzzmOXNakLV1HyKwx0LRCYlFdExgF9MRGPT2p qPG;8hEFy5EeDL5aRTdu51I3YwGdBMv;2KgADuda
940	User_940	pfl:YF63;GlJvX Y1FYjXanRI0j l6VASRp8T3xIhvcJe4A,AO8Wsb46Vb4bXE93aIBUXWC6jqh,nJ69:i6VFZg,9ibC0fLFWq7D
941	User_941	W,knOqgSVi7RlSJefL6 7zzkOcdylzlHIBqA4Fc3eC84MvSwm,9Peg5:akY1hpNeCGn8OsMHqowpaOeCbo83GKF4aTUf87 ,8sHx
942	User_942	UOs,3qhTEM3AMoBa.Gr,cZNs1Il00u51vUwj;GufJy4oje:6:2T9gul:eToBN0dMOTkyH:Z;g:sPNA36Hen24gOGl63VQpAn2ceL
943	User_943	HaeYrsTOkveNjHwg7mccpt,M45Kt2pZpk5uE.sX83mRG6CZB8JlQOYi8DyM,ZcV RODWeHeN.chaD5bRg2IJ7TexvhqGXXShMnir
944	User_944	0hhpwPYfwEAUg3hSG6FDZwEURvOvtiDgJjmlvEaVUqQO0TaowhB,Ge:enh2T, ufPmd8Vgs5Sosjc:Qbjjjb7SgV0ZWK6f, K7dz
945	User_945	Z.:vXIgDy3EAEa7SSF40QYQ99rWDrwvvYJm7bWi.gWt9b5oPjRW0AeqeXLLnR;,wI9o,;IbEneigaRbe5CdaPdWuwYFOMSMDJF:d
946	User_946	vrYt23M8oq:6fqZOyBosF 8 BnuzL sCws:II4MtB;2x1WrtT4sZqRj;QrqaUnnlGOMJFkpWwC;xGuDFncMyWM BFJQCsr1Fb2YU
947	User_947	yxMgBNX5RpT1GwBhLOl;x84ohgKZi83r;G4dCkpR0bTPALdmp8ryfT hXs:Hw6Y,mMoG8AYkuLZDlZd8GOymSr74WhaKt ug; hu
948	User_948	eLLoG7huChRDlR5wE7uh;k ;YR5pAeYcFhiZ2usVQ;e9 1FO0PkZO3Y82MtKy7LCqxsmbvXq6SLQjUreNFhz3UgFaS;4ifZjT:DY
949	User_949	3wxgavc7p;y;GbAIjJTfsslAWgKjnPkeWAMUBur9rm.pymWurv6CdcTyN9p8.1uewtSkoLuAWqO9c.7.fGLF NiiC8WNRizrCAII
950	User_950	xL7kJE5;9IJgh9cz2ID7yRyOTjZNyNkvVb9neZpS3jIuw07C0vcdX3pLTX1z42PM0JDw,yaD4oR2fUx2jswzq,zx77adQethml1D
951	User_951	ozJch1tMhBtdqVXPi9P J0wxw PedP0cS;Xz2xT7q:6XT4u:W;S.Mj0;AMR,Q pLe5iozmFpF4pvygadSp5,ge P4J3QMqN5A5PE
952	User_952	hQjJ:E7yxG5bnYNkizusG3ZWh5Lbmg4onTW:,jyr00DAIdU4h7Keia33v2y16EoE.YKrNw30lU6mDj8c4DFhbJ8gBYNNs8ebeyfT
953	User_953	RDAXIyy:fNRgsj8Qjm4am4VpHlJJ5dm3B9yBdQHdZC;e;s9k3FBiUby1CT5nX  PROC,IoMXuNAZiINoWs9J8D4G0hsHNqxxixTz
954	User_954	h2Zc:nlUGH8yw5VYG4SqtNqtU5TCsLcKXY..,MPLU73x140FbFwWETKv lMBoD9feIILnx2o573hsT9qP1bjAmovDHq5EJhZ2IVS
955	User_955	0X3Jrc.nNY12,4Tg:SP4zINkM09;hlUILj4OPqO6bxAS050Ei1g 0JENWMRE,BTpM;0bWbhvcZH9vWFyD4xGFYoMNx384VEHFLJi
956	User_956	vOQCLUv o5w85UHYVZt5vhlzyXFhyQl0s90tOCV:PLsAG1hpKzpBpjdSd,6t;WhwsLBz6:b1,kX:t2uHrNd;vTUVi4Ylg3KpmGxx
957	User_957	HjCcLKaVNhto2iNR xYYdnPAFhNo5H75KxJ2vCtMAr4oSE;rxkfNBw.xx3Nh2Jl,pldk6QOr6T1azbkf;uM:1Vy5moetFbYH6hY9
958	User_958	Le87a9VnTGyd.TLWR0S,QXLtTyiIjL29QHFTkGiKotsCC,KtrYW6S 3RkJs Te,HuOMFupPFVQtxu0NL1CZghGaf:U1y1:ewi8 b
959	User_959	75A0pCNUpDG.f93YzKtHEgPBya9CGJgm469;0.eIFlGn:mT:P0:u5v1cQb xj01YPm.07HPsth.UM,qsQSWf,xLHN12njx0sUIWH
960	User_960	YezFLuLW6u.lvRJ1L;fqvMAH,;Fmhp2ChBoc;EByDLiadtToDckrZaxb0WzPp:eTdsWFYM3xXp.GcXdfvuJ1tgUQ5gcQ13n0:NWy
961	User_961	hsMgaCDOSckqIHP2fIFlCbQB5nUI;nyYgR4FszYFmW9xAh7uF1J.1gQZ,m2NQH6 lL2pHhquxa1EtH0P8E,oyI3;NUgsILSIyEnx
962	User_962	S2u7vAMi2DowL5n km2do61JQ I7Ln ZR;n13 ;Crky;VFkho;t1.KPeisowRwsG4WfUps,eB,cxdVz9ONNyZv4qxjR5x8rlaIco
963	User_963	cuz:c7g1C,Cr;TEHN1yQzBWs;S0zoW.igi;r8cLkR99etUuWBz zMvyiipRPrndfH6vBXULlYrvYja YqHyR2ciwAOTbGyXdwh;D
964	User_964	dDGAo9GGRi88YHCV045lq.:HRCVfYOTw96GM9DRa;Zb2794N702Po;s Yrd wBQwZlHWgdP7MXPfOw2:AiiA1z69g2DcwYtfaAwg
965	User_965	GMH4,oGj68gOC.HwFSlOCMFAOp.4p;UMYx7 ;QF2;9uTsGAvkw:mOlT4pJAu.6RZIbmN7nhbkl;8WMQ4JcXxzoyT8i,,e9gAEs:I
966	User_966	.3lFWIp6jMiGlvuK26mGpdvVkVqS6Ni8D02ZBfatoy2MIQoWO1HfU01l;mblKmBiCI0n:BffUgXcu9ZbY,Io4H3;Gj6z7BFq 0BR
967	User_967	xqLxylBRIcTfb 6B8F:4mKzLK;ESmnNNVvieLq42l5ZUnE92beLeu1A0Oog6hGqUjNm6d5CAABE5FG:mPr9:sJtDn91l:BAd6RSb
968	User_968	Rl9JftH7j0DWAeg03i1p,.;qjReJ.NOmUUcGpjQPXLZoeJb0F7Q,J7 ,QNT9v3QngqqezvELwfUhks8jOeKP8FF3rYiOS QLSCIX
969	User_969	gUNjTe6;,luvLPFtoYhyxhEx,DhtG3Vtl8ZPUfSWvZA:DItaDbZ9ErC5.nrPIt7obYR x;.JnRADHiwpT8ukhnt;p,AXUh9wSYMa
970	User_970	K jp35ByUq8i,lk;bcJPBGn31mrBp7lc3dXc3x1ev9 fS;80K5jEQgVgmo0Bn5EDpgbtwq5 R;R8jaotw3QWZwsIRdaIbhj2iW3j
971	User_971	ldgk2aY:riith.lKmgKpC El:H38rfOGONBwKo4 rb5Cf,tOyVQIeROaxwOvIyWk2GKRJ6hHo B4oiyeBUheAyC3e1JfjqAXxlTs
972	User_972	gi8d1m426ifgnjiAh8MvDb2WJvYzY,Xa2u3MQgL6k4onSf9 E2KyH3R 1R59DHOpRl2EJYDmopgHWEJrF6xu.c0f12O9r6K LAt3
973	User_973	m:Oq.u15PD80KpjhhRFT:w0EcU6ODqDuQRBTPZONV5vKFqzKyqSTeziA:lj224aPoG:U1aEw29sdibF1FdjuKb.KTPyXXIXUj.Yh
974	User_974	56mbyrdv9C2w9z5 g1a;KmddYk.OYZPe0xr5XJQNCxlcAP3GM0si13KqB2OjxPARUqK04t3QXCGCa9MQupAjGxf6i5r,7xSlmlC5
975	User_975	5l8cjfs0pynyy7eA3PimYNE3Z7zeCrV;4uqpm:LVoUkNOTgj9CF7ITTi,cm9eQo.Q;z9tWj48gPAngtrxjdo7dbo03iKwz6lzXCx
976	User_976	,riKfEJGuoBde2d.jYiI2Ggb82gG8ZCDypqBN,Yun,NGSq6J1JIXnzGnK2PdYDs0X0,0L;2zlQZiR35ECJ4ZpX.zGGde:bpcQ6V 
977	User_977	V8pebrmXh2GBqz0SSa,A2b:yO44B1RTWfmvrztIC;yF7sou m7eVWNYiRR9AtBs.h,4NzrL7ZFdEMuZC4chReHjq7AdVEGLKX.uN
978	User_978	VlQKORU3lkB8M2EOuM0fHhdh2v7G1KM; hI7bjVwltFt5kWNokR9cOVRalY1oGLHAczi642OvwRtwYOwjqC:j2CUx4SxIRE8RC0c
979	User_979	;CcsWKrS FF a,lYL2pArN::LvSGxHKUHwg 0uVFjL2,89oXd;NbOi8n3uiDsyy86JWZgJKbDgAy1GS73fwm:GvOJYdi OndnMa:
980	User_980	 xc rkiKDCDmldKAh4qKh7VTWgcO;N.mQdwyCwyJz8MpunWMhRkC;l81vGksZgrBIwWNrsQJmtlDJ Q3 kBKCy88SXNzePhy8rcj
981	User_981	r3Hml0RrawupE9x:gspzS13o.hQAdKU50. nKNvWwvV8N;6cB2Gc IhU99H:M9K0eJAX XZYOwvNY2Kf:Qhy8NLv;0ubGDhwVa1;
982	User_982	fD3QxSXTLuAOQGqC;BkyL47KL 9LVIrOCzpI6kz.UN6j;reNUFG LXCzwhk6dzu9CG0Ds.gZ0JvDXgqJxXlTey2TJ,ZKFOrwRITk
983	User_983	eL9EFdGVmPd2NyH4r.fLKVQVxhzVK71jZEDw,5iKC1BDfbx14.USuQoHIbRQFaaCFQsK.zpJ.yAcUc:DBfRwbhgQfarV2GU8NTZo
984	User_984	f8hwFrPv,EX0U TFygkLAZ dNPuJLwp;Pp786R.MkO8uqKLpebmiPggU0b5HuKWItctKFnz61:Yqt7aYpgTf,0x;Z.9iQ6Mg,l4O
985	User_985	z3KQVrLkcorYc5 .8Shfnit;2BiI0NUeFDWD,e1G:EI809YqDXOT55HeQDfg2kFz2Z8Q5caOQeA,FZQvGUpmchek8.7XGj.4xKt9
986	User_986	qEsjhxFt hSCP5q T8T1Tb5Fkb;dKW wfvlonWU5.sZUyPzU6GL,f0:MN3V:o825S,ZORLSgRh GJQ0SVUHyh9EmkPaSFJo2o9bH
987	User_987	3bOsJ6 XX7M.6tWZJHQbX7bjgSShiKm1eYMEiQBbHxn2WBTVgS.iLYz,u4WOng.MrQKZw9gf4g2zGfOeTeKvxsxWpa8S0aWtNrkE
988	User_988	8QYP2qrClE.Qx4DD9i3Nk87:p jdEHYn7TZdXTiGO:o3PsZS,nx11t7YFtShdd4fBIlov9 UKhUloWABWquv4 uayb1sADH1Vm3n
989	User_989	VQa pnSa0aXNnDyx.P27;iNy:PI:nsOCaRNebTXhj4al zfbU:IKR8m0of,H7DS6Ld5YOYij4QGad 49NU8K9CrNbYOGdJLzNRwR
990	User_990	uy1hPemzsklYj9szrIMCjBKXnd2zT0n3Djfpjf9aD3nUankI36;3et8;::YOWklrMeHDnfrtcMBiYpwqG,drkZDcg9MEwH vpjpm
991	User_991	IUZnML6NdJKg: ,jU0b llThy2:VNsfIDIlILf0Kzs0pRq43lZqjwo,CoMs6cgFR Yx63NAyDCDX9xk;Er:oviEeU1e,KDCsyIqc
992	User_992	Jz6dD58fc8eAm81;46z,KTo:PIHR.1:1KNy3;Xr,ntKyU8f,NQwIkEGUebTGhQxz3awayCST8OAf1JVrfTaIEILoofAxeLdZl8H 
993	User_993	kE9KxY 3RfBVOKoHBAPn7AzwlnInqGdozho;YZkHtc ITa5gpIFn:YsQUsCZum6pvLb7wt1Xjc,F7EXngnmJZaw8wibANGny6unt
994	User_994	hFH0Q1BoYGKkP8fGumBfWQVPWfFgjZNTEBMwePFRvwhmkJpgx9oI5,3RyMCMBMSK87HEVSkGi6U9Rpcx1klHGUzJ2VyCdZExARYb
995	User_995	J99:RIUujlDM OkvH3.kOekWJs9VaTxT UW 0vW2AsMPMrJSceJVUkHo8x;hpLh l:qMaxCnDAQcpTD7WcnRHjg:4b9eT;TAuBwE
996	User_996	P.gYf4.KwK9Jt G;tHCYSgOE88jJf3Bg1omRltk80CNtynuwHxIf6y557uesFdt64A,t8KSzuLn2Je1.9VUH9b;zP3Fdj:L:RDc5
997	User_997	1E1sVLDl,rgZmhQw5M1kgwKuXUEsu;VZc4dhqLzF3SlsMS6YitGaTnY5;S2BfS1 1UOEg9Jxz ZRcrOyXyOICWT57g0Q7mbAIJFE
998	User_998	ocDFJoqpO,SJr2xf99PdIhMVgCRQbSh;,ssaHBOrdDY7F2X6zRcx.GZPLw jEdHRg1 d:UHJFyFdH3M29G6SfBjFzxB7wq.3E64p
999	User_999	cs dgMJlMyp3d9MVjdoBUG6HHxoiQ,FRt;66v0PgLIjQakzNuAecaTNyOsjifmjqaEcKXA9i41;8h8p:jsl3ZbGs.LSmcz91il2l
